550,0,5.0
55,0,5.0
482,0,5.0
1145,0,5.0
461,1,5.0
311,1,5.0
1256,1,3.0
1294,1,5.0
599,1,5.0
795,2,4.0
597,2,3.0
131,2,5.0
77,2,5.0
612,2,2.0
1271,3,4.0
1112,3,5.0
514,3,5.0
532,3,5.0
889,3,4.0
679,4,5.0
831,4,5.0
1408,4,4.0
489,5,4.0
435,5,5.0
225,5,5.0
1371,5,5.0
57,5,4.0
1131,5,5.0
741,5,4.0
830,5,4.0
75,5,4.0
887,5,4.0
1339,5,5.0
1158,6,5.0
1173,6,5.0
1088,6,5.0
820,6,5.0
831,6,4.0
156,6,5.0
176,6,5.0
1019,6,5.0
24,6,2.0
658,6,5.0
566,6,5.0
145,6,5.0
783,6,5.0
287,6,5.0
1267,6,4.0
983,6,3.0
1290,6,5.0
822,6,5.0
1114,6,5.0
628,6,5.0
919,6,5.0
242,6,5.0
1085,6,4.0
149,6,5.0
1001,6,5.0
165,6,5.0
672,6,5.0
830,6,4.0
688,6,3.0
1125,6,5.0
1303,6,3.0
1281,6,4.0
103,6,5.0
285,6,4.0
1043,6,5.0
1384,6,5.0
61,6,5.0
109,6,5.0
876,6,5.0
797,6,5.0
1273,6,5.0
99,6,4.0
1068,6,1.0
85,6,5.0
82,6,5.0
1335,7,3.0
391,7,5.0
987,7,5.0
1217,7,4.0
1405,7,5.0
192,8,5.0
599,8,5.0
634,8,5.0
776,8,4.0
622,9,5.0
240,9,5.0
703,9,5.0
368,9,5.0
963,9,5.0
615,9,5.0
164,10,5.0
789,10,5.0
1069,10,5.0
909,10,4.0
1360,10,5.0
246,10,5.0
1095,11,4.0
517,11,5.0
1025,11,5.0
402,11,5.0
435,11,5.0
1020,11,4.0
1248,11,5.0
1018,11,5.0
242,11,5.0
748,11,5.0
1150,12,5.0
1334,12,5.0
926,12,5.0
816,12,4.0
230,12,4.0
1204,12,2.0
75,12,5.0
1279,12,5.0
939,13,4.0
985,13,5.0
453,13,5.0
425,13,4.0
320,13,5.0
634,13,5.0
541,14,5.0
226,14,5.0
514,14,5.0
479,14,5.0
218,14,4.0
897,14,5.0
1294,14,5.0
1408,14,5.0
98,14,3.0
1273,14,5.0
1268,14,5.0
641,14,5.0
225,15,5.0
620,15,5.0
30,15,4.0
374,15,4.0
166,16,4.0
394,16,5.0
11,16,4.0
778,16,4.0
747,16,3.0
134,17,4.0
568,17,4.0
513,17,5.0
595,17,4.0
1062,18,4.0
1087,18,5.0
947,18,5.0
778,18,4.0
1115,18,4.0
87,18,5.0
582,19,5.0
1127,19,5.0
575,19,5.0
503,19,5.0
235,19,5.0
811,19,5.0
816,19,5.0
741,19,4.0
776,19,4.0
384,19,5.0
1112,20,5.0
125,20,5.0
845,20,4.0
878,20,4.0
575,20,4.0
84,20,5.0
108,20,5.0
1334,20,5.0
343,20,5.0
741,20,4.0
1115,20,5.0
1255,21,5.0
155,21,5.0
1271,21,4.0
845,21,1.0
218,21,4.0
368,21,5.0
30,21,5.0
1341,21,4.0
890,21,5.0
208,21,4.0
26,21,4.0
494,21,5.0
879,21,5.0
955,21,5.0
896,21,5.0
1255,22,5.0
240,22,4.0
1347,22,5.0
789,22,5.0
105,22,5.0
275,22,5.0
811,22,5.0
1374,22,5.0
615,22,5.0
866,22,5.0
282,22,5.0
420,23,5.0
1230,23,5.0
424,23,5.0
206,23,5.0
74,23,5.0
722,23,5.0
112,24,5.0
514,24,3.0
1411,24,4.0
865,24,5.0
1111,24,4.0
929,24,4.0
55,25,5.0
635,25,5.0
3,25,5.0
286,25,5.0
1410,25,5.0
429,25,4.0
68,25,4.0
140,25,5.0
284,25,5.0
122,25,5.0
142,25,5.0
204,25,5.0
1424,25,4.0
486,25,5.0
697,25,5.0
396,25,5.0
1219,25,5.0
345,25,4.0
565,25,5.0
1160,25,2.0
871,25,3.0
128,25,5.0
1204,25,5.0
1319,25,5.0
422,26,4.0
513,26,5.0
1333,26,5.0
1203,26,5.0
712,26,4.0
525,26,5.0
72,26,5.0
560,26,4.0
323,26,5.0
1078,26,4.0
500,26,4.0
71,26,5.0
1167,26,3.0
855,26,4.0
1011,26,5.0
1073,26,5.0
1241,26,5.0
87,26,5.0
859,26,5.0
29,27,4.0
613,27,5.0
557,27,4.0
392,27,5.0
504,27,5.0
188,27,5.0
223,27,5.0
894,27,5.0
1207,27,5.0
988,28,4.0
775,28,5.0
1332,28,5.0
1303,28,5.0
397,29,4.0
269,29,5.0
1313,29,4.0
1231,29,2.0
1282,29,3.0
1074,29,3.0
370,29,5.0
496,29,5.0
1423,29,5.0
9,29,4.0
669,29,4.0
1404,29,4.0
1224,29,5.0
294,29,4.0
303,29,5.0
1353,29,4.0
1300,30,5.0
658,30,5.0
377,30,3.0
1222,30,4.0
290,30,5.0
1380,30,5.0
572,30,5.0
1297,30,5.0
1364,31,5.0
880,31,5.0
227,31,4.0
65,31,5.0
433,31,3.0
631,31,3.0
997,31,5.0
510,31,3.0
725,31,5.0
599,31,5.0
419,31,5.0
969,31,2.0
401,31,5.0
2,31,5.0
858,32,4.0
1412,32,5.0
426,32,4.0
1276,32,5.0
114,32,5.0
973,32,5.0
1083,32,3.0
851,32,5.0
948,33,5.0
389,33,5.0
477,33,5.0
493,33,5.0
702,33,5.0
1388,34,4.0
31,34,4.0
1234,34,5.0
493,34,4.0
1194,34,4.0
702,34,5.0
399,35,5.0
958,35,5.0
1325,35,5.0
470,35,1.0
553,35,4.0
1249,35,5.0
969,35,1.0
934,35,4.0
894,35,5.0
244,35,3.0
371,35,5.0
1194,35,4.0
1017,35,3.0
1255,36,4.0
1048,36,4.0
389,36,5.0
1203,36,5.0
1000,36,5.0
246,36,5.0
160,36,4.0
170,36,4.0
857,37,5.0
1123,37,4.0
634,37,5.0
864,38,3.0
372,38,5.0
744,38,5.0
514,38,4.0
1326,38,4.0
389,38,5.0
877,38,5.0
170,38,4.0
962,38,5.0
1418,38,5.0
1391,39,5.0
779,39,5.0
1276,39,5.0
1137,39,5.0
314,39,5.0
1418,39,5.0
1232,39,5.0
112,40,5.0
529,40,5.0
1203,40,5.0
470,40,5.0
786,40,5.0
132,40,4.0
991,40,5.0
428,40,5.0
399,41,5.0
1127,41,5.0
35,41,4.0
346,41,5.0
311,41,5.0
1300,41,5.0
122,41,4.0
201,41,5.0
1123,41,3.0
810,41,5.0
948,41,5.0
891,41,5.0
847,41,5.0
229,41,2.0
160,41,3.0
1141,41,4.0
419,41,5.0
175,41,3.0
1194,41,3.0
1412,42,5.0
1267,42,5.0
496,42,5.0
836,42,4.0
635,42,5.0
1252,42,5.0
1236,43,4.0
1346,43,5.0
809,43,4.0
730,43,5.0
13,43,5.0
640,43,5.0
451,43,5.0
409,43,3.0
33,43,5.0
946,43,5.0
564,43,5.0
1130,43,5.0
40,43,5.0
136,44,4.0
1048,44,4.0
35,44,4.0
704,44,5.0
156,44,4.0
461,44,5.0
538,44,5.0
311,44,5.0
19,44,5.0
400,44,5.0
180,44,5.0
906,44,4.0
710,44,5.0
189,44,5.0
994,44,5.0
1277,44,5.0
119,44,5.0
315,44,5.0
1113,44,5.0
516,44,5.0
95,44,4.0
377,44,5.0
607,44,4.0
686,44,5.0
909,44,2.0
901,44,3.0
1135,44,4.0
1245,44,5.0
1223,44,3.0
1124,44,5.0
1233,44,4.0
160,44,4.0
1125,44,5.0
9,44,5.0
652,44,5.0
968,44,5.0
181,44,5.0
17,44,5.0
1043,44,5.0
1226,44,5.0
1258,44,3.0
876,44,5.0
797,44,5.0
771,44,5.0
191,44,4.0
384,44,5.0
520,44,5.0
590,44,5.0
171,44,5.0
762,44,5.0
190,44,5.0
85,44,4.0
548,44,3.0
742,44,5.0
185,44,5.0
1401,44,5.0
294,44,4.0
1183,44,4.0
856,45,5.0
921,45,5.0
595,45,3.0
1076,45,5.0
533,46,5.0
1355,46,4.0
1041,46,4.0
1242,46,4.0
784,46,5.0
1344,46,5.0
703,46,4.0
1066,46,4.0
113,46,5.0
1126,46,4.0
84,46,2.0
801,46,5.0
10,46,1.0
891,46,4.0
630,46,5.0
803,46,5.0
1341,46,2.0
1131,46,5.0
547,46,5.0
18,46,4.0
778,46,4.0
832,46,5.0
431,46,3.0
1264,46,3.0
1233,46,4.0
699,46,4.0
308,46,4.0
208,46,4.0
1015,46,5.0
667,46,5.0
494,46,4.0
696,46,5.0
1182,46,4.0
328,46,5.0
689,46,4.0
896,46,5.0
721,46,5.0
1255,47,5.0
209,47,5.0
566,47,5.0
1340,47,5.0
351,47,5.0
768,47,2.0
598,47,5.0
342,47,5.0
1033,47,5.0
1268,47,4.0
558,47,4.0
1295,47,5.0
641,47,5.0
882,48,5.0
553,48,5.0
181,48,5.0
468,48,4.0
100,48,5.0
374,48,4.0
1207,48,5.0
20,49,5.0
218,49,4.0
382,49,5.0
1416,49,5.0
1158,50,5.0
60,50,5.0
658,50,5.0
492,50,5.0
236,50,5.0
1022,50,5.0
80,50,5.0
990,50,5.0
966,50,5.0
999,50,5.0
1423,50,5.0
652,50,4.0
572,50,5.0
157,50,5.0
1300,51,5.0
20,51,5.0
553,51,2.0
718,51,4.0
382,51,5.0
863,51,5.0
1023,51,4.0
479,52,5.0
1249,52,1.0
1219,52,5.0
1065,52,5.0
544,52,5.0
1299,52,5.0
856,53,5.0
761,53,5.0
1142,53,4.0
1361,53,5.0
1416,53,5.0
1343,53,5.0
280,54,5.0
222,54,5.0
1321,54,4.0
380,54,5.0
1326,54,5.0
1267,54,3.0
600,54,5.0
951,54,5.0
608,54,5.0
1318,55,5.0
998,55,5.0
31,55,5.0
1332,55,4.0
308,55,5.0
1119,55,5.0
860,56,5.0
1413,56,5.0
834,56,3.0
1264,56,5.0
144,56,4.0
682,57,5.0
34,57,5.0
966,57,3.0
431,57,5.0
1140,57,5.0
1166,57,5.0
879,57,5.0
981,58,4.0
389,58,5.0
27,58,5.0
1155,58,5.0
820,59,5.0
1284,59,5.0
697,59,5.0
775,59,5.0
1220,59,5.0
946,59,3.0
1136,59,5.0
564,59,5.0
520,59,4.0
517,60,5.0
1034,60,5.0
833,60,1.0
233,60,5.0
797,60,5.0
532,60,5.0
1015,60,5.0
341,61,5.0
35,61,5.0
1035,61,5.0
429,61,4.0
156,61,5.0
471,61,5.0
311,61,5.0
1162,61,5.0
448,61,5.0
122,61,5.0
254,61,5.0
193,61,5.0
1109,61,5.0
389,61,5.0
570,61,5.0
315,61,5.0
1267,61,2.0
516,61,5.0
169,61,5.0
686,61,5.0
537,61,5.0
909,61,5.0
988,61,4.0
1220,61,5.0
235,61,5.0
476,61,5.0
818,61,5.0
293,61,5.0
1281,61,5.0
536,61,5.0
1098,61,5.0
487,61,5.0
348,61,5.0
457,61,5.0
255,61,5.0
598,61,5.0
520,61,4.0
450,61,5.0
171,61,5.0
390,61,5.0
757,61,5.0
121,61,5.0
1073,61,4.0
365,61,4.0
280,62,5.0
399,62,5.0
662,62,4.0
932,62,5.0
998,62,5.0
241,62,5.0
1267,62,4.0
11,62,5.0
547,62,4.0
149,62,3.0
44,62,5.0
256,62,5.0
1058,62,5.0
1078,62,5.0
232,62,5.0
223,62,4.0
643,62,5.0
1012,62,4.0
1171,62,5.0
367,62,5.0
548,62,4.0
83,62,5.0
349,63,5.0
150,63,5.0
998,63,5.0
943,63,5.0
771,63,4.0
29,64,5.0
764,64,5.0
904,64,5.0
1045,64,4.0
256,64,5.0
669,64,3.0
171,64,5.0
367,64,5.0
1083,64,5.0
399,65,4.0
380,65,5.0
1293,65,5.0
801,65,5.0
57,65,5.0
1178,65,5.0
149,65,4.0
560,65,3.0
1216,65,4.0
1209,65,3.0
397,66,5.0
922,66,4.0
152,66,5.0
78,66,3.0
486,66,3.0
1267,66,5.0
1298,66,5.0
187,66,5.0
1047,66,5.0
1327,66,5.0
1208,66,5.0
158,66,1.0
1188,66,3.0
1378,66,4.0
895,66,5.0
722,66,4.0
1122,66,5.0
85,66,5.0
1035,67,5.0
408,67,5.0
480,67,4.0
124,67,5.0
1368,67,5.0
403,67,5.0
606,67,2.0
787,67,5.0
642,67,5.0
452,67,5.0
185,67,5.0
738,68,3.0
1221,68,5.0
78,68,3.0
1090,68,5.0
235,68,4.0
409,68,5.0
1156,68,5.0
452,68,5.0
260,68,5.0
191,68,3.0
1293,69,4.0
515,69,4.0
791,69,3.0
532,69,4.0
1295,69,3.0
489,70,4.0
804,70,5.0
262,70,5.0
1162,70,5.0
106,70,5.0
1365,70,5.0
424,70,5.0
114,70,5.0
1145,70,5.0
885,70,5.0
641,70,4.0
177,71,3.0
447,71,4.0
253,71,5.0
1413,71,3.0
764,71,5.0
318,71,5.0
1137,71,4.0
944,71,3.0
470,71,5.0
1228,71,2.0
1063,71,3.0
941,71,4.0
1030,71,5.0
1032,71,5.0
52,71,5.0
1107,71,4.0
1327,71,5.0
1404,71,4.0
223,71,3.0
929,71,4.0
1079,71,4.0
489,72,5.0
1041,72,4.0
240,72,5.0
752,72,5.0
613,72,5.0
400,72,4.0
774,72,5.0
1413,72,5.0
23,72,5.0
335,72,4.0
728,72,5.0
169,72,4.0
12,72,5.0
692,72,5.0
307,72,5.0
327,72,5.0
228,72,5.0
1144,72,1.0
1273,72,5.0
401,72,3.0
590,72,5.0
484,72,3.0
762,72,5.0
442,72,5.0
1008,73,5.0
1251,73,5.0
309,73,3.0
869,73,5.0
811,73,4.0
903,73,5.0
131,73,5.0
1218,73,5.0
258,73,4.0
306,74,5.0
587,74,5.0
517,74,5.0
49,74,5.0
749,74,5.0
793,74,4.0
107,74,5.0
315,74,5.0
516,74,5.0
557,74,5.0
1228,74,4.0
1105,74,5.0
1249,74,5.0
988,74,5.0
1174,74,5.0
172,74,5.0
725,74,3.0
680,74,5.0
1155,74,4.0
115,74,5.0
829,74,5.0
576,74,4.0
1199,74,5.0
949,74,5.0
61,74,3.0
1108,74,5.0
217,74,3.0
667,74,4.0
1201,74,5.0
438,74,5.0
520,74,5.0
231,74,4.0
121,74,5.0
1322,74,5.0
1206,75,2.0
867,75,5.0
1349,75,5.0
520,75,5.0
59,75,4.0
15,76,5.0
65,76,5.0
1185,76,5.0
846,76,5.0
1075,76,5.0
1222,76,5.0
559,76,5.0
582,77,5.0
784,77,4.0
763,77,5.0
149,77,5.0
52,77,4.0
67,77,5.0
599,77,5.0
782,77,5.0
755,77,5.0
639,78,5.0
759,78,5.0
1132,78,3.0
274,78,4.0
131,78,5.0
564,78,5.0
1130,78,5.0
200,79,3.0
65,79,5.0
118,79,1.0
516,79,5.0
476,79,4.0
1086,79,5.0
491,80,5.0
1220,80,5.0
965,80,5.0
75,80,5.0
1063,81,5.0
70,81,5.0
1149,81,5.0
71,81,5.0
218,82,4.0
682,82,5.0
1387,82,5.0
1338,82,5.0
738,83,5.0
1318,83,5.0
810,83,5.0
57,83,1.0
610,83,5.0
399,84,5.0
136,84,4.0
1127,84,4.0
311,84,4.0
16,84,5.0
226,84,5.0
514,84,4.0
106,84,2.0
183,84,3.0
1423,84,5.0
170,84,5.0
1217,84,5.0
1302,84,5.0
823,85,5.0
284,85,4.0
807,85,5.0
792,85,5.0
837,85,5.0
147,85,5.0
1372,86,4.0
1027,86,4.0
370,86,5.0
740,86,5.0
669,86,4.0
264,87,5.0
107,87,5.0
1027,87,4.0
1343,87,5.0
1165,88,5.0
888,88,5.0
517,88,5.0
65,88,5.0
31,88,5.0
1220,88,5.0
235,88,5.0
786,88,5.0
500,88,5.0
1393,88,4.0
300,89,5.0
1351,89,5.0
531,89,4.0
46,90,5.0
989,90,5.0
947,90,4.0
63,90,5.0
21,90,5.0
778,90,4.0
149,90,4.0
170,90,5.0
694,90,4.0
929,90,4.0
1088,91,5.0
112,91,3.0
587,91,2.0
300,91,1.0
1197,91,5.0
259,91,1.0
1124,91,5.0
1196,91,4.0
157,91,5.0
1353,91,5.0
670,92,5.0
804,92,5.0
781,92,5.0
56,92,5.0
826,92,5.0
146,92,5.0
810,92,5.0
410,92,5.0
10,92,5.0
139,92,5.0
229,92,5.0
1280,92,5.0
1197,92,5.0
1047,92,5.0
1196,92,4.0
490,92,5.0
89,92,5.0
657,92,5.0
1289,92,5.0
545,93,5.0
711,93,5.0
63,93,5.0
1281,93,5.0
286,94,5.0
639,94,5.0
535,94,5.0
1172,94,4.0
931,94,5.0
1348,94,5.0
1050,94,4.0
1059,94,4.0
527,94,4.0
156,94,4.0
471,94,5.0
1037,94,4.0
15,94,4.0
1169,94,5.0
240,94,4.0
502,94,4.0
422,94,5.0
448,94,5.0
1025,94,5.0
795,94,5.0
1413,94,3.0
480,94,5.0
39,94,5.0
1364,94,4.0
756,94,5.0
779,94,5.0
880,94,5.0
898,94,5.0
65,94,5.0
427,94,5.0
257,94,5.0
1424,94,4.0
1146,94,5.0
13,94,5.0
862,94,5.0
743,94,5.0
566,94,5.0
1109,94,5.0
732,94,5.0
1282,94,5.0
1227,94,5.0
1137,94,5.0
891,94,5.0
690,94,5.0
62,94,5.0
585,94,5.0
305,94,5.0
245,94,5.0
1298,94,4.0
897,94,5.0
913,94,5.0
153,94,4.0
666,94,4.0
551,94,5.0
102,94,5.0
1103,94,5.0
246,94,5.0
440,94,5.0
952,94,5.0
718,94,5.0
1219,94,5.0
725,94,4.0
38,94,4.0
714,94,5.0
52,94,4.0
496,94,5.0
773,94,5.0
44,94,3.0
464,94,5.0
66,94,5.0
1099,94,5.0
565,94,4.0
330,94,5.0
1014,94,5.0
158,94,5.0
173,94,3.0
694,94,4.0
41,94,5.0
1258,94,5.0
1407,94,5.0
731,94,5.0
700,94,5.0
1275,94,5.0
100,94,4.0
1144,94,4.0
1338,94,5.0
137,94,2.0
843,94,4.0
499,94,5.0
1213,94,5.0
266,94,5.0
643,94,5.0
216,94,5.0
401,94,5.0
601,94,5.0
1283,94,4.0
1297,94,5.0
110,94,5.0
938,94,5.0
1171,94,5.0
467,94,3.0
1116,94,3.0
1086,94,5.0
1279,94,4.0
303,94,5.0
1265,94,5.0
489,95,5.0
1168,95,5.0
262,95,5.0
795,95,4.0
779,95,4.0
369,95,5.0
716,95,5.0
647,95,5.0
1294,95,5.0
38,95,4.0
1152,95,5.0
559,95,5.0
1301,95,5.0
419,95,5.0
660,95,5.0
1083,95,5.0
825,95,5.0
539,96,4.0
65,96,5.0
585,96,5.0
1228,96,5.0
531,96,5.0
100,96,3.0
8,96,4.0
610,96,4.0
812,97,4.0
1308,97,4.0
551,97,5.0
187,97,5.0
290,97,3.0
184,97,5.0
1393,97,3.0
231,97,4.0
185,97,5.0
812,98,4.0
517,98,5.0
774,98,4.0
624,98,3.0
520,98,4.0
698,99,5.0
419,99,4.0
1268,99,5.0
898,100,5.0
1272,100,5.0
486,100,3.0
1070,100,5.0
1049,100,4.0
27,100,5.0
293,100,5.0
794,101,5.0
386,101,4.0
1225,101,5.0
946,101,5.0
406,101,5.0
1252,101,5.0
367,101,5.0
1169,102,5.0
1237,102,5.0
284,103,2.0
465,103,5.0
1026,103,5.0
734,103,5.0
241,103,5.0
1090,103,5.0
55,103,5.0
229,103,5.0
707,103,4.0
988,103,5.0
791,103,5.0
72,103,5.0
370,103,5.0
165,103,5.0
496,103,4.0
614,103,5.0
1039,103,5.0
1081,103,5.0
723,103,5.0
467,103,5.0
322,103,5.0
1279,103,3.0
769,104,5.0
1323,104,4.0
1077,104,3.0
540,104,5.0
1117,104,5.0
854,104,5.0
243,104,5.0
302,104,3.0
871,104,5.0
1039,104,5.0
467,104,4.0
790,104,1.0
1066,105,5.0
707,105,4.0
158,105,3.0
1387,105,5.0
383,105,4.0
1183,105,3.0
663,106,5.0
1041,106,5.0
269,106,5.0
777,106,5.0
783,106,5.0
838,106,5.0
638,106,5.0
1354,106,2.0
1387,106,4.0
655,106,5.0
946,106,3.0
1169,107,5.0
1388,107,4.0
257,107,5.0
1117,107,5.0
783,107,5.0
274,107,5.0
243,107,5.0
786,107,3.0
624,107,5.0
723,107,5.0
1392,108,4.0
998,108,5.0
287,108,5.0
229,108,5.0
351,108,4.0
1262,108,5.0
1166,108,5.0
1237,108,5.0
820,109,5.0
514,109,5.0
426,109,5.0
1272,109,5.0
4,109,5.0
1003,109,4.0
624,109,5.0
655,109,5.0
540,110,5.0
534,110,5.0
188,110,5.0
1021,110,5.0
42,111,4.0
662,111,4.0
509,111,5.0
1251,112,5.0
197,112,5.0
963,112,5.0
131,112,3.0
1054,112,5.0
145,113,5.0
159,113,3.0
629,113,4.0
951,113,5.0
1210,114,3.0
1428,114,3.0
1194,114,5.0
1205,114,4.0
473,115,2.0
22,115,5.0
65,115,5.0
145,115,5.0
838,115,5.0
908,115,4.0
67,115,5.0
1058,115,3.0
441,115,5.0
623,115,5.0
758,115,3.0
1393,115,4.0
1273,115,4.0
1214,115,4.0
85,115,4.0
742,115,5.0
1205,115,5.0
889,115,5.0
157,115,4.0
1255,116,5.0
1206,116,4.0
177,116,5.0
1394,116,5.0
527,116,5.0
522,116,5.0
289,116,2.0
252,116,5.0
240,116,4.0
752,116,5.0
465,116,5.0
523,116,4.0
967,116,4.0
1323,116,5.0
47,116,5.0
227,116,4.0
65,116,5.0
528,116,4.0
4,116,5.0
743,116,5.0
340,116,5.0
198,116,3.0
1109,116,5.0
1142,116,5.0
777,116,5.0
373,116,4.0
557,116,5.0
822,116,5.0
63,116,3.0
808,116,4.0
686,116,4.0
153,116,4.0
666,116,3.0
504,116,5.0
1197,116,5.0
459,116,4.0
1099,116,5.0
256,116,1.0
307,116,5.0
1199,116,5.0
536,116,5.0
205,116,5.0
615,116,5.0
819,116,5.0
114,116,5.0
61,116,4.0
984,116,5.0
1286,116,5.0
174,116,4.0
99,116,5.0
1283,116,3.0
641,116,5.0
814,116,4.0
613,117,5.0
779,117,4.0
355,117,5.0
65,117,5.0
1257,117,5.0
1349,117,5.0
617,117,3.0
1152,117,5.0
312,117,5.0
618,117,5.0
968,117,5.0
1273,117,4.0
225,118,4.0
1118,118,5.0
1070,118,5.0
595,118,3.0
367,118,5.0
815,119,5.0
164,119,5.0
225,119,4.0
826,119,5.0
110,119,5.0
429,120,5.0
385,120,5.0
156,120,5.0
626,120,5.0
1025,120,5.0
1254,120,5.0
898,120,5.0
318,120,5.0
50,120,4.0
1109,120,5.0
674,120,5.0
1248,120,5.0
139,120,5.0
64,120,5.0
246,120,5.0
1190,120,5.0
903,120,4.0
1329,120,5.0
600,120,5.0
645,120,5.0
652,120,4.0
1014,120,5.0
624,120,5.0
577,120,5.0
188,120,5.0
1010,120,5.0
797,120,5.0
1237,120,5.0
216,120,5.0
601,120,5.0
644,120,5.0
1289,120,3.0
1401,120,5.0
1392,121,5.0
219,121,1.0
346,121,5.0
898,121,5.0
168,121,5.0
1075,121,5.0
223,121,4.0
872,121,5.0
988,122,4.0
1423,122,5.0
128,122,5.0
255,122,5.0
564,122,3.0
706,123,1.0
986,123,5.0
1264,123,5.0
121,123,5.0
461,124,5.0
226,124,5.0
359,124,5.0
898,124,5.0
1184,124,3.0
1041,125,5.0
1310,125,5.0
240,125,5.0
226,125,5.0
163,125,5.0
184,125,4.0
893,126,4.0
399,126,5.0
60,126,4.0
1394,126,5.0
380,126,5.0
573,126,5.0
95,127,5.0
163,127,5.0
1234,127,5.0
233,127,5.0
170,127,5.0
599,127,4.0
1157,127,5.0
520,127,4.0
625,128,5.0
623,128,5.0
1353,128,4.0
1251,129,5.0
63,129,4.0
351,129,5.0
778,129,5.0
124,129,4.0
661,129,4.0
1173,130,5.0
399,130,5.0
43,130,5.0
35,130,4.0
533,130,5.0
1176,130,5.0
222,130,5.0
1019,130,4.0
898,130,5.0
1424,130,5.0
734,130,5.0
594,130,5.0
827,130,4.0
378,130,5.0
986,130,5.0
356,130,4.0
1103,130,4.0
370,130,5.0
496,130,5.0
279,130,5.0
398,130,5.0
1292,130,4.0
1208,130,5.0
323,130,5.0
74,130,4.0
348,130,4.0
787,130,3.0
1110,130,4.0
611,130,5.0
1279,130,5.0
336,130,5.0
828,130,3.0
810,131,5.0
292,131,5.0
1332,131,5.0
652,131,4.0
629,131,2.0
35,132,5.0
909,132,3.0
1102,132,5.0
1314,132,5.0
247,132,4.0
835,133,5.0
931,133,5.0
541,133,5.0
779,133,3.0
975,133,5.0
347,133,5.0
572,133,5.0
641,133,4.0
18,134,1.0
343,134,5.0
1013,134,3.0
1338,134,5.0
1115,134,4.0
1080,134,3.0
1255,135,4.0
755,135,5.0
596,135,2.0
1205,135,1.0
507,136,5.0
703,136,5.0
575,136,5.0
304,136,5.0
1115,136,5.0
268,136,5.0
779,137,4.0
884,137,4.0
1325,137,5.0
1056,137,5.0
59,137,3.0
1104,138,4.0
681,138,4.0
1218,138,5.0
1061,138,5.0
479,139,4.0
832,139,5.0
683,139,5.0
1175,139,5.0
883,140,5.0
1321,140,5.0
352,140,5.0
891,140,5.0
1046,140,5.0
371,140,5.0
1251,141,5.0
1330,141,1.0
296,141,5.0
519,141,5.0
399,142,5.0
417,142,5.0
558,142,4.0
157,142,5.0
1172,143,5.0
827,143,4.0
599,143,5.0
940,143,5.0
282,143,5.0
342,143,5.0
1266,143,5.0
272,144,5.0
164,144,5.0
811,144,5.0
681,144,5.0
279,144,4.0
519,144,5.0
1218,144,5.0
514,145,4.0
24,145,5.0
852,145,5.0
183,145,5.0
817,145,4.0
731,145,5.0
1217,145,3.0
1194,145,5.0
520,145,4.0
962,145,4.0
1343,145,5.0
1418,145,5.0
851,145,5.0
365,145,3.0
1192,146,5.0
1285,146,5.0
911,146,4.0
852,146,5.0
309,146,4.0
1306,146,4.0
921,146,5.0
87,146,5.0
155,147,5.0
22,147,5.0
1218,147,5.0
342,147,4.0
735,147,5.0
286,148,5.0
1254,148,5.0
218,148,5.0
584,148,5.0
1248,148,2.0
911,148,5.0
1423,148,5.0
650,148,5.0
73,148,3.0
661,148,5.0
310,148,5.0
1252,148,5.0
83,148,5.0
711,149,5.0
586,149,5.0
599,149,3.0
348,149,4.0
157,149,4.0
1251,150,5.0
272,150,4.0
752,150,4.0
1104,150,3.0
977,150,4.0
519,150,5.0
1054,150,5.0
522,151,5.0
605,151,4.0
1104,151,5.0
1250,151,4.0
309,151,4.0
830,151,5.0
520,151,5.0
859,151,5.0
587,152,5.0
408,152,5.0
752,152,3.0
983,152,4.0
979,152,5.0
921,152,5.0
672,152,4.0
700,152,3.0
325,152,5.0
1116,152,4.0
668,153,5.0
250,153,5.0
1333,153,4.0
837,153,4.0
1273,153,5.0
1111,153,5.0
637,153,5.0
633,154,5.0
399,154,5.0
541,154,5.0
1071,154,5.0
659,154,5.0
774,154,5.0
809,154,3.0
1400,154,4.0
1113,154,5.0
246,154,5.0
1060,154,5.0
81,154,5.0
984,154,5.0
938,154,5.0
1011,154,5.0
1053,154,5.0
562,155,5.0
461,155,4.0
1034,155,5.0
625,155,5.0
878,155,4.0
410,155,5.0
986,155,5.0
1074,155,5.0
505,155,5.0
997,155,5.0
604,155,5.0
1397,155,5.0
1170,155,5.0
866,155,3.0
316,155,5.0
1115,155,4.0
475,155,5.0
839,155,5.0
306,156,1.0
341,156,5.0
43,156,5.0
931,156,4.0
1035,156,5.0
1318,156,5.0
1251,156,5.0
311,156,5.0
530,156,4.0
1363,156,5.0
226,156,5.0
932,156,4.0
166,156,5.0
1025,156,5.0
196,156,5.0
1308,156,4.0
1323,156,2.0
380,156,5.0
1364,156,5.0
981,156,5.0
898,156,3.0
1426,156,5.0
225,156,5.0
65,156,3.0
193,156,5.0
278,156,5.0
710,156,4.0
1003,156,5.0
594,156,5.0
724,156,5.0
50,156,5.0
1293,156,5.0
846,156,4.0
389,156,5.0
1189,156,5.0
986,156,5.0
287,156,5.0
516,156,5.0
852,156,5.0
904,156,5.0
980,156,5.0
686,156,4.0
897,156,5.0
729,156,4.0
1105,156,5.0
631,156,5.0
138,156,5.0
1220,156,5.0
1082,156,4.0
351,156,4.0
381,156,4.0
386,156,5.0
1230,156,4.0
302,156,5.0
680,156,3.0
954,156,3.0
714,156,4.0
580,156,5.0
358,156,3.0
1210,156,5.0
132,156,4.0
1121,156,5.0
170,156,4.0
279,156,5.0
1125,156,5.0
614,156,5.0
1292,156,5.0
1014,156,4.0
173,156,4.0
128,156,4.0
930,156,5.0
1039,156,5.0
1043,156,5.0
202,156,4.0
800,156,5.0
71,156,5.0
700,156,5.0
874,156,4.0
1100,156,5.0
1144,156,5.0
1273,156,5.0
973,156,5.0
99,156,5.0
266,156,5.0
438,156,5.0
384,156,5.0
601,156,5.0
32,156,5.0
951,156,5.0
1263,156,5.0
268,156,5.0
231,156,5.0
1401,156,5.0
157,156,5.0
777,157,4.0
1298,157,4.0
270,157,5.0
803,157,5.0
312,157,5.0
124,157,5.0
279,157,4.0
678,157,5.0
700,157,5.0
793,158,5.0
1337,158,5.0
1160,158,4.0
1215,158,5.0
1089,158,5.0
1427,159,5.0
1042,159,5.0
1038,159,5.0
948,159,5.0
425,159,5.0
813,159,4.0
1341,159,5.0
343,159,5.0
1224,159,5.0
896,159,5.0
388,160,5.0
405,160,4.0
170,160,5.0
915,160,4.0
1163,161,5.0
1199,161,5.0
669,161,4.0
277,161,3.0
380,162,5.0
292,162,5.0
243,162,5.0
532,162,5.0
653,163,5.0
253,163,3.0
240,163,4.0
779,163,5.0
785,163,5.0
389,163,3.0
305,163,5.0
656,163,5.0
954,163,5.0
496,163,5.0
739,163,5.0
1023,163,3.0
1421,163,4.0
543,163,1.0
1289,163,4.0
43,164,5.0
1308,164,5.0
1040,164,5.0
1388,164,4.0
1178,164,5.0
1064,164,5.0
895,164,5.0
522,165,5.0
1143,165,5.0
376,165,4.0
1201,165,5.0
331,165,5.0
1086,165,5.0
814,165,4.0
626,166,4.0
745,166,3.0
1019,166,5.0
781,166,5.0
19,166,5.0
200,166,5.0
218,166,5.0
571,166,5.0
180,166,5.0
793,166,5.0
846,166,4.0
754,166,5.0
1022,166,5.0
707,166,3.0
607,166,5.0
685,166,5.0
1281,166,5.0
992,166,5.0
261,166,5.0
456,166,5.0
1094,166,5.0
1089,166,5.0
457,166,5.0
596,166,5.0
179,166,5.0
1283,166,5.0
683,166,5.0
472,166,5.0
1255,167,4.0
37,167,5.0
429,167,5.0
156,167,3.0
269,167,4.0
465,167,5.0
1019,167,4.0
1375,167,4.0
400,167,3.0
480,167,5.0
1221,167,3.0
204,167,5.0
65,167,5.0
335,167,3.0
491,167,5.0
146,167,5.0
732,167,3.0
674,167,5.0
139,167,5.0
666,167,3.0
970,167,5.0
187,167,5.0
770,167,4.0
1107,167,5.0
617,167,5.0
44,167,5.0
1397,167,5.0
66,167,5.0
1099,167,5.0
917,167,5.0
1196,167,5.0
307,167,5.0
565,167,5.0
1098,167,5.0
205,167,5.0
1156,167,5.0
487,167,5.0
531,167,5.0
930,167,2.0
188,167,5.0
255,167,5.0
772,167,5.0
843,167,4.0
927,167,5.0
1319,167,4.0
643,167,5.0
1283,167,5.0
1011,167,5.0
83,167,5.0
1206,168,5.0
587,168,5.0
1348,168,5.0
156,168,5.0
284,168,5.0
583,168,5.0
311,168,5.0
932,168,4.0
1025,168,5.0
466,168,4.0
180,168,5.0
724,168,5.0
119,168,5.0
234,168,5.0
287,168,5.0
1352,168,5.0
1184,168,5.0
1235,168,1.0
990,168,4.0
1298,168,4.0
581,168,1.0
1341,168,4.0
317,168,4.0
246,168,5.0
1312,168,5.0
853,168,5.0
124,168,5.0
1125,168,5.0
1200,168,5.0
599,168,5.0
409,168,5.0
327,168,5.0
695,168,5.0
930,168,5.0
700,168,5.0
475,168,5.0
1064,168,4.0
277,168,5.0
1297,168,1.0
436,168,1.0
231,168,4.0
485,168,5.0
94,168,5.0
1207,168,5.0
1042,169,5.0
841,169,5.0
1036,169,5.0
1250,169,5.0
1264,169,5.0
737,169,5.0
1255,170,5.0
142,170,5.0
225,170,5.0
152,170,5.0
1267,170,4.0
221,170,5.0
370,170,5.0
9,170,5.0
261,170,2.0
1319,170,5.0
1353,170,5.0
1255,171,5.0
835,171,4.0
16,171,5.0
1314,171,5.0
895,171,5.0
262,172,5.0
448,172,5.0
415,172,3.0
801,172,5.0
172,172,4.0
1199,172,5.0
905,172,4.0
157,172,5.0
388,173,4.0
1318,173,4.0
240,173,5.0
919,173,5.0
954,173,5.0
615,173,5.0
17,173,4.0
223,173,4.0
722,173,5.0
286,174,5.0
385,174,5.0
197,174,5.0
523,174,4.0
1186,174,5.0
795,174,5.0
164,174,5.0
947,174,5.0
88,174,5.0
1235,174,5.0
537,174,5.0
919,174,5.0
1223,174,5.0
440,174,5.0
770,174,5.0
586,174,5.0
618,174,5.0
788,174,5.0
232,174,5.0
669,174,4.0
511,174,5.0
104,174,5.0
1283,174,5.0
1263,174,5.0
938,174,4.0
85,174,5.0
1266,174,4.0
150,175,5.0
736,175,5.0
1181,175,3.0
1224,175,5.0
294,175,5.0
1192,176,5.0
417,176,1.0
709,176,5.0
861,176,5.0
554,176,5.0
366,176,4.0
394,176,5.0
58,176,5.0
599,176,5.0
482,176,2.0
399,177,4.0
35,177,3.0
491,177,5.0
5,177,3.0
969,177,3.0
393,177,5.0
1418,177,1.0
1232,177,5.0
1367,178,5.0
1255,178,5.0
985,178,5.0
478,178,5.0
1395,178,5.0
1335,178,5.0
226,178,5.0
134,178,5.0
125,178,5.0
845,178,5.0
90,178,5.0
777,178,5.0
1178,178,4.0
869,178,5.0
0,178,4.0
630,178,5.0
1114,178,5.0
926,178,5.0
890,178,5.0
246,178,5.0
496,178,4.0
987,178,4.0
1024,178,5.0
694,178,3.0
782,178,4.0
755,178,5.0
564,178,4.0
59,178,3.0
407,178,5.0
1367,179,5.0
939,179,5.0
1042,179,4.0
166,179,5.0
761,179,5.0
134,179,3.0
225,179,5.0
246,179,4.0
599,179,5.0
327,179,5.0
1204,179,4.0
747,179,2.0
753,179,4.0
689,179,5.0
721,179,5.0
473,180,5.0
272,180,4.0
131,180,5.0
519,180,5.0
1054,180,5.0
1158,181,4.0
239,181,5.0
35,181,4.0
517,181,5.0
539,181,4.0
923,181,5.0
651,181,3.0
986,181,5.0
1249,181,5.0
963,181,5.0
1416,181,5.0
848,181,5.0
771,181,4.0
1302,181,4.0
684,182,1.0
1362,182,5.0
491,182,5.0
947,182,3.0
1305,182,5.0
928,182,5.0
720,182,4.0
372,183,5.0
1186,183,5.0
1221,183,5.0
69,183,5.0
225,183,4.0
989,183,4.0
1146,183,5.0
135,183,4.0
574,183,5.0
446,183,5.0
1208,183,5.0
992,183,4.0
337,183,5.0
93,183,4.0
612,183,5.0
1207,183,3.0
336,183,5.0
1410,184,5.0
1363,184,5.0
240,184,4.0
613,184,3.0
19,184,5.0
774,184,5.0
998,184,1.0
625,184,5.0
779,184,5.0
318,184,5.0
906,184,4.0
994,184,3.0
102,184,5.0
1223,184,5.0
718,184,2.0
1060,184,5.0
170,184,5.0
330,184,5.0
1024,184,4.0
228,184,5.0
1119,184,5.0
71,184,5.0
237,184,3.0
696,184,5.0
1012,184,5.0
938,184,4.0
367,184,5.0
484,184,5.0
889,184,3.0
506,184,5.0
1112,185,5.0
923,185,5.0
287,185,5.0
614,185,5.0
123,185,2.0
1359,185,5.0
1112,186,5.0
287,186,3.0
464,186,3.0
1273,186,5.0
493,186,5.0
1362,187,5.0
199,187,5.0
1337,187,5.0
139,187,5.0
295,187,5.0
424,187,5.0
251,188,5.0
621,188,5.0
240,188,5.0
225,188,4.0
977,188,5.0
1152,188,5.0
1373,188,4.0
615,188,5.0
41,188,5.0
255,188,5.0
1168,189,5.0
1118,189,5.0
1420,189,5.0
409,189,3.0
291,189,5.0
1414,189,5.0
1028,190,1.0
238,190,5.0
64,190,5.0
1045,190,3.0
53,190,5.0
240,191,5.0
196,191,3.0
554,191,5.0
827,191,4.0
867,191,5.0
1020,191,4.0
1249,191,5.0
242,191,5.0
371,191,4.0
851,191,5.0
1095,192,4.0
333,192,4.0
802,192,5.0
550,192,5.0
402,192,5.0
861,192,5.0
539,192,5.0
844,192,5.0
884,192,5.0
867,192,5.0
1020,192,4.0
145,192,5.0
287,192,5.0
1249,192,5.0
242,192,5.0
1045,192,5.0
187,192,5.0
999,192,5.0
609,192,5.0
464,192,5.0
182,192,5.0
327,192,5.0
874,192,5.0
951,192,5.0
757,192,5.0
742,192,5.0
851,192,5.0
94,192,5.0
1050,193,5.0
389,193,5.0
184,193,5.0
121,193,5.0
563,194,5.0
916,194,5.0
1298,194,4.0
700,194,5.0
481,194,4.0
1086,194,4.0
329,194,5.0
893,195,4.0
150,195,4.0
1052,195,5.0
583,195,5.0
1403,195,1.0
1364,195,5.0
426,195,5.0
1137,195,4.0
692,195,3.0
549,195,4.0
708,195,5.0
476,195,5.0
1128,195,5.0
580,195,5.0
645,195,5.0
298,195,5.0
1363,196,4.0
199,196,5.0
675,196,5.0
1354,196,5.0
46,197,5.0
225,197,5.0
1298,197,4.0
1152,197,5.0
293,197,5.0
313,197,5.0
41,197,5.0
1043,197,5.0
406,197,4.0
874,197,3.0
481,197,5.0
520,197,2.0
231,197,4.0
900,198,5.0
46,198,5.0
54,198,5.0
29,198,2.0
1372,198,5.0
701,198,5.0
527,198,5.0
522,198,4.0
420,198,5.0
375,198,5.0
471,198,5.0
252,198,4.0
1169,198,5.0
197,198,5.0
1019,198,5.0
858,198,5.0
795,198,5.0
225,198,5.0
65,198,5.0
1424,198,5.0
916,198,5.0
785,198,5.0
810,198,4.0
1267,198,4.0
516,198,5.0
847,198,5.0
911,198,5.0
707,198,5.0
904,198,5.0
1228,198,4.0
444,198,5.0
913,198,5.0
1049,198,5.0
102,198,2.0
1193,198,5.0
138,198,5.0
1135,198,5.0
246,198,5.0
1082,198,4.0
1197,198,5.0
259,198,5.0
1032,198,5.0
1219,198,5.0
1354,198,5.0
370,198,5.0
345,198,4.0
1163,198,4.0
1264,198,5.0
44,198,5.0
1099,198,5.0
1031,198,5.0
915,198,3.0
1120,198,5.0
614,198,4.0
1303,198,1.0
807,198,5.0
650,198,5.0
1094,198,5.0
1384,198,5.0
73,198,5.0
179,198,5.0
643,198,5.0
1064,198,5.0
610,198,2.0
938,198,4.0
1295,198,3.0
1279,198,5.0
83,198,5.0
828,198,5.0
1265,198,5.0
1035,199,5.0
284,199,4.0
122,199,5.0
225,199,5.0
983,199,4.0
11,199,5.0
108,199,5.0
787,199,5.0
1096,199,5.0
1273,199,5.0
750,200,5.0
362,200,5.0
308,200,4.0
330,200,4.0
870,200,2.0
1268,200,4.0
815,201,4.0
1095,201,4.0
1209,201,5.0
171,201,5.0
1279,201,5.0
1097,202,5.0
1253,202,5.0
1011,202,5.0
1130,202,4.0
633,203,5.0
1142,203,4.0
1092,203,5.0
287,203,5.0
102,203,5.0
640,203,5.0
1076,203,5.0
231,203,5.0
1381,203,5.0
177,204,5.0
525,204,5.0
1264,204,5.0
905,204,5.0
17,204,5.0
271,204,4.0
484,204,5.0
380,205,2.0
193,205,3.0
906,205,5.0
170,205,5.0
1169,206,5.0
204,206,5.0
1040,206,5.0
250,206,5.0
34,206,4.0
370,206,5.0
943,206,5.0
1406,206,4.0
120,206,5.0
1095,207,4.0
129,207,4.0
461,207,5.0
288,207,5.0
858,207,5.0
1221,207,5.0
1018,207,3.0
287,207,5.0
713,207,4.0
1230,207,5.0
295,207,5.0
609,207,5.0
1217,207,4.0
1068,207,5.0
1348,208,5.0
527,208,2.0
1071,208,4.0
804,208,5.0
1186,208,5.0
47,208,4.0
1400,208,3.0
20,208,5.0
36,208,3.0
180,208,5.0
1293,208,5.0
145,208,5.0
833,208,5.0
373,208,2.0
305,208,5.0
990,208,4.0
685,208,4.0
976,208,4.0
791,208,3.0
1197,208,4.0
302,208,1.0
345,208,4.0
580,208,5.0
671,208,3.0
1196,208,5.0
1149,208,5.0
1098,208,4.0
173,208,5.0
285,208,2.0
930,208,3.0
876,208,5.0
1380,208,5.0
104,208,5.0
610,208,5.0
89,208,5.0
472,208,3.0
231,208,5.0
322,208,4.0
1363,209,5.0
779,209,4.0
424,209,5.0
1046,209,5.0
969,209,5.0
390,209,5.0
762,209,5.0
280,210,4.0
1004,210,5.0
1282,210,5.0
728,210,4.0
169,210,5.0
212,210,5.0
233,210,5.0
592,210,5.0
1094,210,5.0
393,210,5.0
122,211,5.0
56,211,1.0
1132,211,5.0
423,211,5.0
766,211,4.0
387,211,5.0
440,211,4.0
698,211,5.0
131,211,5.0
1309,211,4.0
53,211,5.0
484,211,1.0
796,211,4.0
404,211,4.0
251,212,4.0
166,212,4.0
373,212,4.0
423,212,1.0
638,212,3.0
477,212,2.0
463,212,4.0
640,212,4.0
767,212,4.0
817,212,4.0
824,212,2.0
879,212,4.0
37,213,5.0
1198,213,4.0
709,213,5.0
575,213,4.0
90,213,5.0
1371,213,5.0
88,213,5.0
133,213,5.0
926,213,5.0
186,213,4.0
246,213,5.0
778,213,5.0
1253,213,2.0
1330,213,5.0
337,213,5.0
542,213,5.0
304,213,5.0
1270,213,5.0
1319,213,5.0
564,213,5.0
112,214,5.0
380,214,5.0
31,214,3.0
1230,214,5.0
1194,214,5.0
1165,215,5.0
1143,215,5.0
380,215,5.0
225,215,5.0
65,215,5.0
805,215,5.0
315,215,5.0
708,215,1.0
27,215,5.0
1234,215,5.0
1350,215,4.0
908,215,4.0
677,215,5.0
1195,215,5.0
115,215,5.0
1423,215,5.0
1125,215,4.0
871,215,4.0
449,215,5.0
1010,215,5.0
758,215,5.0
1302,215,5.0
1205,215,5.0
514,216,4.0
1000,216,5.0
31,216,5.0
1230,216,4.0
1240,216,5.0
768,216,5.0
629,216,4.0
589,216,5.0
1214,216,5.0
1363,217,5.0
380,217,1.0
153,217,2.0
1351,217,5.0
1210,217,5.0
992,217,5.0
924,217,5.0
742,217,5.0
65,218,5.0
805,218,5.0
677,218,5.0
1195,218,5.0
806,218,5.0
32,218,4.0
1205,218,5.0
429,219,5.0
1192,219,5.0
1272,219,5.0
1009,219,5.0
181,219,5.0
1409,220,2.0
1195,220,5.0
788,220,5.0
1214,220,5.0
1205,220,5.0
154,221,1.0
1363,221,5.0
278,221,5.0
115,221,5.0
1029,221,4.0
806,221,5.0
710,222,3.0
1293,222,5.0
62,222,5.0
1210,222,5.0
459,222,5.0
965,222,5.0
48,222,5.0
806,222,5.0
32,222,1.0
543,222,5.0
1321,223,4.0
620,223,5.0
591,223,5.0
64,223,5.0
419,223,5.0
1214,223,3.0
633,224,5.0
25,224,5.0
1395,224,5.0
1041,224,5.0
417,224,5.0
76,224,3.0
195,224,4.0
218,224,4.0
891,224,5.0
320,224,4.0
1045,224,4.0
18,224,4.0
149,224,5.0
208,224,2.0
92,224,5.0
497,224,5.0
1182,224,5.0
1179,224,4.0
689,224,5.0
1061,224,4.0
995,225,4.0
349,225,4.0
238,225,4.0
278,225,5.0
810,225,3.0
504,225,5.0
382,225,4.0
370,225,5.0
170,225,5.0
555,225,5.0
984,225,3.0
260,225,4.0
271,225,5.0
548,225,4.0
1358,226,5.0
46,226,4.0
1095,226,4.0
1062,226,5.0
1355,226,5.0
1426,226,5.0
579,226,5.0
65,226,5.0
1,226,5.0
810,226,5.0
594,226,5.0
1277,226,5.0
631,226,4.0
1349,226,5.0
1245,226,4.0
680,226,1.0
617,226,5.0
1125,226,5.0
1029,226,5.0
1281,226,5.0
1387,226,5.0
285,226,5.0
1407,226,5.0
1007,226,5.0
71,226,5.0
797,226,5.0
1214,226,5.0
806,226,4.0
216,226,5.0
1194,226,5.0
123,226,5.0
951,226,5.0
2,226,5.0
644,226,5.0
472,226,5.0
1086,226,5.0
121,226,5.0
329,226,5.0
407,226,4.0
349,227,5.0
429,227,4.0
1287,227,5.0
977,227,5.0
423,227,5.0
515,227,4.0
1220,227,4.0
614,227,5.0
327,227,5.0
740,227,5.0
930,227,5.0
33,227,5.0
1275,227,5.0
1393,227,4.0
696,227,5.0
771,227,5.0
1380,227,3.0
814,227,5.0
993,227,5.0
329,227,5.0
1321,228,5.0
728,228,3.0
1137,228,5.0
1294,228,5.0
999,228,5.0
534,228,5.0
655,228,3.0
413,228,5.0
921,229,5.0
1294,229,5.0
652,229,4.0
534,229,5.0
1226,229,3.0
950,229,5.0
892,230,4.0
222,230,5.0
597,230,4.0
712,230,5.0
648,230,3.0
1157,230,4.0
228,230,5.0
644,230,5.0
1289,230,5.0
1367,231,5.0
712,231,5.0
351,231,5.0
599,231,5.0
558,231,4.0
24,232,5.0
760,232,5.0
844,232,5.0
296,232,5.0
441,232,5.0
1078,232,3.0
872,232,5.0
962,232,3.0
418,233,3.0
1095,233,3.0
815,233,5.0
1409,233,5.0
856,233,5.0
429,233,4.0
489,233,5.0
240,233,4.0
448,233,5.0
1025,233,5.0
1400,233,4.0
779,233,5.0
355,233,5.0
65,233,3.0
254,233,4.0
1415,233,5.0
1307,233,4.0
862,233,5.0
245,233,4.0
187,233,1.0
243,233,5.0
863,233,5.0
1329,233,5.0
586,233,5.0
45,233,5.0
293,233,5.0
66,233,4.0
917,233,5.0
788,233,5.0
819,233,3.0
930,233,5.0
1119,233,5.0
772,233,4.0
938,233,4.0
561,233,3.0
185,233,4.0
1417,233,5.0
857,233,5.0
1165,234,5.0
1071,234,5.0
240,234,5.0
779,234,4.0
944,234,5.0
818,234,4.0
821,234,5.0
725,234,4.0
1199,234,5.0
807,234,5.0
1094,234,5.0
77,234,4.0
1289,234,4.0
218,235,4.0
315,235,4.0
117,235,3.0
313,235,5.0
1116,235,5.0
932,236,5.0
64,236,5.0
455,236,5.0
268,236,5.0
1074,237,4.0
694,237,5.0
1096,237,4.0
548,237,4.0
1035,238,5.0
315,238,5.0
1262,238,5.0
77,238,4.0
520,238,5.0
407,238,5.0
812,239,4.0
1025,239,5.0
435,239,5.0
65,239,5.0
278,239,5.0
301,239,5.0
725,239,5.0
132,239,5.0
520,239,5.0
450,239,5.0
341,240,5.0
1355,240,4.0
550,240,5.0
1162,240,5.0
810,240,5.0
246,240,4.0
1246,240,3.0
700,240,5.0
920,240,5.0
1041,241,5.0
218,241,4.0
545,241,5.0
50,241,4.0
315,241,5.0
267,241,5.0
260,241,4.0
266,241,5.0
121,241,5.0
147,241,5.0
1367,242,5.0
759,242,5.0
225,242,5.0
1132,242,3.0
423,242,5.0
766,242,5.0
91,242,4.0
131,242,5.0
399,243,3.0
415,243,5.0
1282,243,4.0
1298,243,4.0
1047,243,4.0
41,243,5.0
1209,243,3.0
294,243,5.0
749,244,3.0
220,244,5.0
1051,244,1.0
403,244,2.0
331,244,5.0
399,245,3.0
1379,245,5.0
756,245,4.0
415,245,3.0
339,245,5.0
345,245,4.0
1125,245,5.0
174,245,4.0
996,245,1.0
54,246,5.0
599,246,5.0
940,246,5.0
342,246,5.0
1285,247,5.0
750,247,5.0
834,247,5.0
567,247,5.0
1319,247,5.0
417,248,5.0
741,248,3.0
776,248,5.0
660,248,4.0
955,248,5.0
1427,249,5.0
168,249,5.0
1282,249,4.0
1092,249,5.0
186,249,5.0
966,249,4.0
741,249,3.0
955,249,5.0
1279,249,5.0
737,249,5.0
1402,250,5.0
1285,250,5.0
602,250,4.0
606,250,4.0
92,250,5.0
1061,250,3.0
878,251,4.0
1101,251,4.0
218,251,5.0
1356,251,5.0
1250,251,5.0
1018,251,5.0
603,251,5.0
1360,251,5.0
243,251,5.0
778,251,3.0
1324,251,5.0
654,251,5.0
599,251,5.0
1141,251,5.0
494,251,5.0
342,251,5.0
1167,251,5.0
520,251,5.0
1012,251,5.0
1061,251,5.0
177,252,2.0
1410,252,3.0
1146,252,4.0
250,252,5.0
1333,252,5.0
1091,252,5.0
574,252,5.0
1407,252,5.0
892,253,5.0
882,253,5.0
526,253,5.0
1105,253,5.0
552,253,4.0
403,253,5.0
1304,253,3.0
331,253,5.0
931,254,5.0
1271,254,5.0
151,254,5.0
195,254,5.0
1344,254,5.0
458,254,5.0
1191,254,5.0
1233,254,5.0
596,254,5.0
46,255,5.0
687,255,5.0
743,255,5.0
1003,255,5.0
1130,255,3.0
1427,256,5.0
1072,256,3.0
1101,256,4.0
1422,257,4.0
218,257,5.0
278,257,5.0
508,257,5.0
770,257,3.0
555,257,5.0
8,257,4.0
286,258,5.0
1095,258,2.0
478,258,5.0
350,258,5.0
385,258,5.0
1251,258,5.0
745,258,5.0
1037,258,5.0
1313,258,4.0
659,258,2.0
502,258,5.0
76,258,4.0
166,258,5.0
687,258,5.0
1019,258,5.0
1231,258,5.0
881,258,4.0
1422,258,5.0
730,258,5.0
1272,258,5.0
989,258,3.0
810,258,5.0
319,258,5.0
495,258,5.0
526,258,5.0
1151,258,5.0
119,258,5.0
1063,258,4.0
648,258,3.0
1030,258,4.0
791,258,3.0
1197,258,4.0
1060,258,5.0
1294,258,3.0
1001,258,5.0
1351,258,5.0
345,258,5.0
1329,258,5.0
1397,258,5.0
688,258,5.0
324,258,4.0
1200,258,5.0
1120,258,1.0
871,258,5.0
1320,258,4.0
1188,258,4.0
1043,258,5.0
419,258,5.0
1015,258,5.0
1319,258,5.0
8,258,5.0
383,258,5.0
938,258,4.0
231,258,4.0
442,258,5.0
1183,258,5.0
83,258,5.0
78,259,5.0
235,259,5.0
338,259,5.0
279,259,5.0
837,259,5.0
98,259,5.0
1251,260,5.0
816,260,5.0
1115,260,2.0
512,260,5.0
1035,261,5.0
804,261,5.0
752,261,3.0
1026,261,4.0
84,261,4.0
585,261,5.0
165,261,5.0
44,261,2.0
1373,261,5.0
848,261,5.0
839,261,1.0
322,261,4.0
727,261,1.0
937,262,5.0
982,262,5.0
491,262,5.0
1240,262,5.0
156,263,4.0
881,263,4.0
107,263,5.0
986,263,5.0
1137,264,5.0
403,264,5.0
258,264,5.0
647,265,5.0
1262,265,5.0
1201,265,5.0
835,266,5.0
219,266,3.0
471,266,5.0
858,266,5.0
125,266,2.0
435,266,5.0
734,266,5.0
537,266,5.0
70,266,5.0
1160,266,5.0
1094,266,5.0
623,266,5.0
500,266,5.0
532,266,5.0
511,266,5.0
950,266,5.0
1019,267,4.0
861,267,2.0
1101,267,3.0
1057,267,4.0
886,267,1.0
126,267,1.0
1390,267,5.0
799,268,5.0
352,268,5.0
218,268,4.0
925,268,5.0
425,268,5.0
1057,268,5.0
1147,268,5.0
926,268,5.0
431,268,5.0
1285,269,5.0
275,269,4.0
212,269,5.0
811,269,5.0
830,269,5.0
1158,269,5.0
365,269,5.0
489,270,5.0
142,270,5.0
184,270,5.0
1421,270,5.0
1205,270,5.0
794,271,4.0
1056,271,5.0
409,271,5.0
747,271,5.0
342,271,5.0
507,272,5.0
218,272,5.0
801,272,5.0
431,272,5.0
1199,273,5.0
1201,273,5.0
329,273,5.0
649,274,5.0
518,274,5.0
952,274,5.0
496,274,5.0
1264,274,5.0
663,275,5.0
145,275,5.0
705,275,5.0
104,275,5.0
951,275,5.0
314,275,5.0
69,276,5.0
1376,276,5.0
1058,276,5.0
226,277,5.0
1221,277,5.0
474,277,2.0
229,277,5.0
889,277,5.0
156,278,5.0
881,278,5.0
948,278,5.0
287,278,5.0
891,278,5.0
95,278,1.0
138,278,5.0
274,278,5.0
965,278,5.0
313,278,5.0
81,278,5.0
1089,278,5.0
635,278,5.0
889,278,5.0
533,279,5.0
701,279,5.0
155,279,5.0
283,279,5.0
1198,279,5.0
1112,279,5.0
1036,279,5.0
878,279,4.0
218,279,5.0
369,279,3.0
513,279,4.0
113,279,5.0
453,279,5.0
84,279,3.0
1420,279,5.0
211,279,5.0
320,279,4.0
1341,279,5.0
547,279,5.0
811,279,5.0
1219,279,5.0
91,279,4.0
386,279,3.0
832,279,5.0
567,279,2.0
116,279,5.0
1264,279,5.0
699,279,4.0
559,279,4.0
308,279,4.0
215,279,4.0
599,279,4.0
534,279,3.0
531,279,4.0
443,279,5.0
494,279,4.0
696,279,5.0
1244,279,5.0
914,279,5.0
520,279,4.0
689,279,5.0
737,279,5.0
1061,279,4.0
896,279,5.0
721,279,4.0
407,279,5.0
550,280,5.0
514,280,4.0
480,280,5.0
579,280,4.0
474,280,2.0
693,280,5.0
139,280,5.0
874,280,4.0
1111,280,4.0
383,280,4.0
1080,280,3.0
948,281,2.0
521,281,3.0
185,281,4.0
1238,282,5.0
257,282,5.0
1189,282,5.0
1156,282,5.0
1384,282,5.0
1096,282,5.0
1008,283,5.0
1367,283,5.0
1052,283,5.0
90,283,5.0
212,283,5.0
981,284,4.0
906,284,4.0
148,284,5.0
365,284,3.0
1358,285,5.0
815,285,5.0
1409,285,5.0
37,285,5.0
49,285,5.0
350,285,5.0
918,285,5.0
1242,285,4.0
662,285,5.0
363,285,4.0
1313,285,4.0
706,285,3.0
252,285,5.0
226,285,1.0
550,285,5.0
1375,285,5.0
795,285,4.0
218,285,5.0
916,285,5.0
850,285,2.0
566,285,4.0
647,285,5.0
495,285,4.0
1277,285,3.0
980,285,5.0
964,285,5.0
1257,285,5.0
148,285,4.0
628,285,3.0
1106,285,5.0
1030,285,5.0
186,285,5.0
952,285,5.0
338,285,5.0
510,285,5.0
382,285,4.0
714,285,3.0
688,285,5.0
501,285,4.0
1125,285,4.0
1014,285,5.0
1058,285,5.0
792,285,4.0
457,285,3.0
876,285,5.0
1076,285,5.0
1096,285,5.0
1380,285,5.0
401,285,4.0
1122,285,5.0
485,285,5.0
1401,285,5.0
1053,285,5.0
972,285,4.0
659,286,5.0
257,286,5.0
585,286,4.0
1135,286,5.0
338,286,4.0
496,286,5.0
592,286,5.0
290,286,5.0
202,286,5.0
99,286,5.0
855,286,5.0
85,286,5.0
225,287,5.0
852,287,4.0
163,287,5.0
1212,287,5.0
1271,288,5.0
106,288,5.0
218,288,5.0
1182,288,5.0
1221,289,5.0
809,289,5.0
842,289,4.0
1419,289,5.0
62,289,5.0
357,289,5.0
1106,289,5.0
7,289,5.0
536,289,5.0
866,289,5.0
1040,290,5.0
1420,290,5.0
1120,290,1.0
33,290,5.0
841,291,5.0
360,291,4.0
363,291,5.0
925,291,4.0
940,291,5.0
595,291,5.0
542,291,5.0
869,292,5.0
1330,292,5.0
519,292,5.0
1218,292,4.0
258,292,5.0
693,293,5.0
143,293,5.0
153,293,3.0
1075,293,1.0
1120,293,4.0
1023,293,3.0
296,293,5.0
438,293,2.0
388,294,3.0
523,294,4.0
998,294,4.0
898,294,4.0
1155,294,5.0
404,294,5.0
485,294,5.0
835,295,5.0
333,295,5.0
781,295,4.0
898,295,5.0
4,295,5.0
628,295,5.0
351,295,5.0
496,295,4.0
915,295,5.0
205,295,5.0
532,295,5.0
395,295,3.0
217,295,5.0
120,295,5.0
499,295,5.0
1171,295,5.0
467,295,5.0
757,295,5.0
851,295,5.0
828,295,4.0
0,296,5.0
685,296,5.0
74,296,5.0
988,297,5.0
205,297,5.0
1039,297,5.0
635,297,3.0
332,297,5.0
639,298,5.0
177,298,5.0
68,298,4.0
625,298,5.0
1087,298,5.0
80,298,3.0
58,298,5.0
803,298,4.0
267,298,3.0
443,298,5.0
1309,298,5.0
1086,298,5.0
1061,298,3.0
981,299,4.0
318,299,2.0
1063,299,5.0
351,299,5.0
938,299,4.0
715,300,5.0
514,300,4.0
1288,300,5.0
1039,300,5.0
634,300,5.0
244,300,4.0
371,300,5.0
303,300,5.0
1317,301,5.0
739,301,5.0
635,301,5.0
1295,301,4.0
367,301,5.0
484,301,5.0
1028,302,5.0
461,302,4.0
1019,302,5.0
1203,302,4.0
71,302,5.0
1080,302,5.0
1269,303,5.0
562,303,4.0
25,303,5.0
68,303,5.0
432,303,5.0
1019,303,5.0
10,303,5.0
833,303,4.0
945,303,5.0
913,303,5.0
1222,303,4.0
468,303,4.0
41,303,5.0
1275,303,5.0
325,303,5.0
646,303,5.0
1145,303,3.0
1331,303,4.0
1319,303,5.0
509,303,5.0
219,304,5.0
154,304,5.0
1186,304,5.0
1375,304,5.0
1,304,5.0
1307,304,5.0
241,304,4.0
1419,304,4.0
21,304,5.0
666,304,5.0
1049,304,5.0
1091,304,5.0
138,304,5.0
1312,304,5.0
1139,304,2.0
1023,304,3.0
398,304,5.0
1098,304,5.0
635,304,4.0
111,304,5.0
1015,304,5.0
1214,304,4.0
643,304,5.0
914,304,5.0
722,304,2.0
734,305,5.0
1092,305,2.0
1370,305,3.0
267,305,4.0
936,306,5.0
878,306,4.0
597,306,3.0
691,306,3.0
1408,306,5.0
1023,306,4.0
1208,306,5.0
114,306,3.0
665,306,5.0
1308,307,5.0
563,307,5.0
366,307,4.0
1235,307,4.0
72,307,5.0
1214,307,5.0
601,307,5.0
514,308,4.0
781,308,3.0
958,308,5.0
1123,308,3.0
1250,308,4.0
1383,308,3.0
1019,309,4.0
355,309,5.0
1077,309,5.0
14,309,5.0
178,309,5.0
460,309,5.0
1188,309,5.0
1206,310,4.0
37,310,5.0
492,310,5.0
1151,310,4.0
351,310,5.0
1125,310,5.0
1157,310,3.0
874,310,4.0
721,310,5.0
1300,311,5.0
724,311,5.0
361,311,5.0
1125,311,5.0
498,311,5.0
1384,311,5.0
589,311,4.0
310,311,5.0
632,311,4.0
163,312,5.0
1140,312,5.0
71,312,5.0
727,312,5.0
535,313,3.0
222,313,5.0
39,313,4.0
822,313,3.0
387,313,5.0
1047,313,3.0
1059,314,5.0
253,314,5.0
730,314,5.0
405,314,4.0
1280,314,5.0
170,314,4.0
1209,314,5.0
514,315,4.0
270,315,3.0
170,315,4.0
334,315,5.0
1416,315,5.0
1078,315,4.0
413,315,4.0
991,315,5.0
612,315,5.0
1269,316,5.0
693,316,5.0
510,316,4.0
1416,316,5.0
66,317,5.0
1133,317,5.0
1377,317,5.0
1255,318,5.0
582,318,4.0
1062,318,5.0
240,318,5.0
344,318,5.0
275,318,5.0
741,318,4.0
1213,318,4.0
1269,319,4.0
352,319,3.0
145,319,5.0
1248,319,5.0
510,319,4.0
334,319,5.0
1274,319,5.0
1396,319,5.0
961,319,5.0
1194,319,5.0
185,319,4.0
873,319,5.0
3,320,5.0
193,320,5.0
947,320,3.0
773,320,5.0
447,321,5.0
1318,321,5.0
613,321,5.0
415,321,5.0
410,321,5.0
504,321,5.0
1370,321,4.0
698,321,5.0
559,321,3.0
1215,321,5.0
665,321,1.0
938,321,5.0
331,321,5.0
939,322,5.0
363,322,5.0
703,322,5.0
682,322,1.0
1374,322,5.0
599,322,5.0
337,322,4.0
779,323,4.0
581,323,5.0
292,323,4.0
70,323,5.0
634,323,5.0
22,324,5.0
335,324,4.0
440,324,5.0
577,324,4.0
665,324,5.0
1019,325,5.0
595,325,4.0
462,325,2.0
1342,326,5.0
1042,326,5.0
1242,326,5.0
218,326,3.0
830,326,5.0
820,327,5.0
709,327,4.0
218,327,5.0
1235,327,5.0
338,327,5.0
778,327,5.0
1065,327,5.0
208,327,4.0
1115,327,4.0
887,327,5.0
1069,328,5.0
368,328,5.0
886,328,4.0
830,328,5.0
166,329,5.0
1112,329,5.0
466,329,4.0
425,329,4.0
67,329,3.0
82,329,5.0
333,330,4.0
850,330,5.0
1191,330,5.0
1220,330,4.0
61,330,4.0
1291,330,4.0
190,330,5.0
231,330,1.0
918,331,1.0
1363,331,5.0
1271,331,5.0
1321,331,5.0
1077,331,5.0
1415,331,5.0
187,331,1.0
101,331,5.0
677,331,5.0
1067,331,4.0
269,332,5.0
600,332,5.0
565,332,5.0
1328,332,5.0
1010,332,5.0
1093,332,5.0
1167,332,5.0
390,332,5.0
176,333,5.0
221,333,5.0
968,333,5.0
615,333,5.0
1116,333,4.0
429,334,3.0
988,334,4.0
351,334,5.0
511,334,5.0
546,334,5.0
1121,335,5.0
232,335,5.0
1043,335,5.0
1159,335,5.0
429,336,4.0
380,336,5.0
170,336,5.0
451,336,5.0
1410,337,5.0
977,337,5.0
540,337,5.0
986,337,5.0
607,337,5.0
708,337,5.0
138,337,5.0
1294,337,3.0
170,337,5.0
866,337,5.0
974,337,5.0
701,338,5.0
1168,338,5.0
764,338,4.0
225,338,5.0
369,338,5.0
1118,338,5.0
917,338,3.0
1309,338,5.0
1403,339,5.0
164,339,5.0
1142,339,5.0
620,339,5.0
1005,339,5.0
1095,340,4.0
214,340,4.0
810,340,5.0
986,340,5.0
1009,340,5.0
836,340,5.0
111,340,5.0
511,340,3.0
521,340,5.0
185,340,5.0
774,341,5.0
193,341,4.0
540,341,5.0
184,341,4.0
642,341,5.0
268,341,5.0
429,342,4.0
262,342,5.0
1124,342,5.0
103,342,5.0
1246,342,3.0
265,342,5.0
238,343,3.0
1225,343,5.0
277,343,3.0
397,344,4.0
780,344,5.0
156,344,5.0
241,344,5.0
250,344,5.0
451,344,5.0
223,344,5.0
665,344,5.0
1021,344,5.0
388,345,5.0
55,345,5.0
406,345,5.0
1319,345,5.0
87,345,4.0
399,346,4.0
708,346,3.0
1361,346,5.0
915,346,3.0
855,346,4.0
1095,347,4.0
37,347,3.0
517,347,5.0
1308,347,4.0
916,347,3.0
135,347,5.0
999,347,5.0
615,347,5.0
380,348,5.0
981,348,5.0
718,348,4.0
618,348,5.0
42,349,4.0
150,349,5.0
502,349,5.0
550,349,5.0
122,349,5.0
557,349,5.0
952,349,4.0
1253,349,5.0
350,350,4.0
1310,350,5.0
674,350,5.0
229,350,5.0
934,350,5.0
388,351,4.0
639,351,5.0
1372,351,5.0
780,351,5.0
156,351,5.0
1363,351,4.0
550,351,5.0
649,351,5.0
19,351,5.0
225,351,5.0
1272,351,5.0
189,351,5.0
1239,351,4.0
1250,351,4.0
783,351,5.0
685,351,5.0
102,351,5.0
1009,351,5.0
821,351,5.0
469,351,5.0
370,351,5.0
565,351,5.0
560,351,4.0
696,351,5.0
401,351,5.0
951,351,5.0
1263,351,5.0
938,351,4.0
521,351,5.0
639,352,5.0
238,352,4.0
730,352,1.0
505,352,5.0
302,352,5.0
1283,352,5.0
60,353,4.0
619,353,3.0
779,353,3.0
118,353,5.0
801,353,4.0
1117,353,5.0
31,353,5.0
302,353,5.0
639,354,5.0
1284,354,3.0
301,354,4.0
854,354,5.0
1193,354,4.0
488,354,5.0
296,354,5.0
1319,354,4.0
608,354,5.0
1266,354,3.0
1259,355,4.0
1269,355,5.0
550,355,4.0
334,355,4.0
1274,355,4.0
1328,355,5.0
419,355,4.0
639,356,5.0
730,356,3.0
916,356,3.0
1047,356,4.0
650,356,2.0
893,357,5.0
1215,357,5.0
1339,357,5.0
1369,357,5.0
1172,358,5.0
1397,358,5.0
691,358,3.0
1320,358,4.0
1068,358,5.0
578,359,4.0
1034,359,4.0
1168,359,5.0
564,359,5.0
53,359,5.0
484,359,5.0
404,359,4.0
1382,360,4.0
1398,360,5.0
1227,360,5.0
808,360,4.0
370,360,5.0
740,360,5.0
198,361,4.0
777,361,5.0
62,361,4.0
751,361,5.0
1366,362,5.0
878,362,5.0
568,362,4.0
161,362,5.0
1397,362,5.0
131,362,5.0
1144,362,5.0
546,362,5.0
995,363,4.0
1251,363,2.0
1071,363,4.0
1335,363,5.0
842,364,5.0
568,364,4.0
287,364,5.0
580,364,4.0
1154,364,5.0
325,364,5.0
35,365,3.0
867,365,4.0
1018,365,5.0
1305,365,5.0
464,365,5.0
170,365,5.0
429,366,4.0
65,366,5.0
986,366,5.0
773,366,5.0
820,367,5.0
1101,367,4.0
458,367,4.0
1371,367,5.0
356,367,4.0
80,367,3.0
510,367,5.0
849,367,4.0
483,368,5.0
130,368,5.0
283,368,5.0
226,368,4.0
1146,368,5.0
1371,368,5.0
777,368,5.0
890,368,3.0
246,368,5.0
778,368,5.0
431,368,5.0
144,368,5.0
961,368,5.0
887,368,3.0
955,368,5.0
861,369,5.0
845,369,2.0
426,369,4.0
1247,369,5.0
691,369,5.0
1301,369,5.0
1387,369,4.0
817,369,4.0
820,370,5.0
192,370,5.0
116,370,5.0
1387,370,4.0
1218,370,5.0
1127,371,4.0
1042,371,3.0
684,371,3.0
1066,371,5.0
726,371,4.0
547,371,5.0
111,371,4.0
26,371,5.0
1362,372,5.0
39,372,5.0
491,372,5.0
1178,372,5.0
742,372,5.0
814,372,5.0
639,373,5.0
400,373,5.0
1123,373,5.0
1149,373,5.0
1145,373,5.0
110,373,5.0
1377,373,5.0
218,374,5.0
362,374,5.0
713,374,4.0
813,374,4.0
1193,374,4.0
1374,374,5.0
830,374,5.0
282,374,5.0
461,375,4.0
75,375,3.0
1093,375,4.0
493,375,3.0
1299,375,3.0
1385,375,5.0
619,376,5.0
478,376,2.0
360,376,5.0
1038,376,5.0
227,376,4.0
842,376,5.0
1150,376,5.0
813,376,5.0
1060,376,5.0
1374,376,5.0
1408,376,5.0
1094,376,5.0
797,376,5.0
824,376,5.0
82,376,3.0
87,376,5.0
812,377,5.0
902,377,4.0
402,377,5.0
464,377,5.0
430,377,5.0
741,378,4.0
17,378,1.0
352,379,5.0
1202,379,4.0
242,379,5.0
836,379,4.0
960,379,4.0
895,379,5.0
16,380,3.0
1388,380,4.0
603,380,5.0
364,380,2.0
493,380,5.0
524,380,4.0
738,381,5.0
136,381,5.0
593,381,5.0
514,381,5.0
1259,381,5.0
1256,381,5.0
57,381,3.0
242,381,5.0
1174,381,5.0
921,381,5.0
1075,381,1.0
414,381,5.0
1098,381,5.0
1134,381,3.0
244,381,4.0
524,381,5.0
719,382,5.0
470,382,4.0
1093,382,5.0
1385,382,5.0
1279,382,3.0
619,383,4.0
789,383,4.0
602,383,5.0
1150,383,3.0
1288,383,5.0
820,384,4.0
827,384,4.0
143,384,5.0
1247,384,5.0
890,384,4.0
921,384,5.0
431,384,5.0
116,384,5.0
409,384,5.0
462,384,5.0
961,384,5.0
1093,384,5.0
1421,384,5.0
879,384,5.0
1296,385,4.0
191,385,4.0
962,385,4.0
491,386,5.0
67,386,5.0
905,386,5.0
823,387,5.0
1143,387,5.0
352,387,5.0
50,387,5.0
1293,387,4.0
1325,387,5.0
556,387,5.0
1276,387,5.0
1336,387,5.0
1315,387,5.0
62,387,5.0
1249,387,5.0
376,387,5.0
1220,387,5.0
1230,387,5.0
1316,387,5.0
544,387,5.0
1210,387,5.0
1324,387,3.0
871,387,5.0
768,387,4.0
629,387,4.0
758,387,5.0
1100,387,5.0
1393,387,5.0
951,387,5.0
1053,387,5.0
754,388,3.0
1327,388,4.0
797,388,1.0
401,388,5.0
284,389,5.0
422,389,5.0
1157,389,5.0
1180,389,5.0
332,389,5.0
479,390,5.0
1128,390,5.0
1023,390,4.0
213,390,4.0
123,390,4.0
662,391,5.0
1189,391,4.0
1257,391,5.0
117,391,2.0
949,391,5.0
73,391,3.0
1194,391,4.0
55,392,4.0
1332,392,5.0
483,393,5.0
129,393,5.0
1042,393,5.0
533,393,4.0
1271,393,5.0
1101,393,5.0
1066,393,4.0
113,393,4.0
803,393,5.0
18,393,5.0
778,393,5.0
1015,393,5.0
497,393,5.0
959,393,5.0
79,393,5.0
1295,393,5.0
298,393,5.0
670,394,5.0
478,394,5.0
254,394,5.0
1076,394,5.0
657,394,5.0
790,394,5.0
679,395,5.0
1251,395,5.0
911,395,4.0
309,395,4.0
440,395,5.0
514,396,5.0
31,396,5.0
1009,396,2.0
182,396,5.0
348,396,5.0
520,396,3.0
790,396,5.0
485,396,5.0
5,397,5.0
244,397,5.0
1418,397,5.0
1367,398,5.0
37,398,5.0
65,398,5.0
734,398,5.0
0,398,5.0
1370,398,4.0
778,398,5.0
1253,398,5.0
1005,398,5.0
1170,398,5.0
661,398,5.0
716,399,5.0
1296,399,3.0
515,399,4.0
5,399,5.0
244,399,5.0
19,400,5.0
69,400,5.0
975,400,5.0
546,400,5.0
122,401,4.0
783,401,5.0
1070,401,5.0
187,401,3.0
1243,401,5.0
985,402,4.0
1278,402,4.0
130,402,5.0
1044,402,4.0
466,402,4.0
1057,402,5.0
755,402,5.0
866,403,5.0
635,403,3.0
1146,404,5.0
1117,404,4.0
339,404,5.0
1064,404,5.0
1072,405,5.0
29,405,5.0
1278,405,5.0
478,405,3.0
1285,405,4.0
283,405,5.0
861,405,5.0
584,405,5.0
1069,405,4.0
570,405,4.0
886,405,5.0
1247,405,5.0
631,405,4.0
890,405,5.0
741,405,5.0
496,405,5.0
830,405,5.0
819,405,5.0
797,405,5.0
667,405,4.0
282,405,5.0
1179,405,4.0
955,405,5.0
6,405,5.0
1041,406,4.0
318,406,5.0
340,406,5.0
540,406,5.0
986,406,5.0
21,406,5.0
537,406,5.0
72,406,5.0
1124,406,1.0
1140,406,5.0
933,406,4.0
332,406,5.0
189,407,5.0
338,407,4.0
66,407,5.0
279,407,5.0
1320,407,5.0
639,408,5.0
1267,408,5.0
235,408,5.0
698,408,5.0
534,408,5.0
1414,408,5.0
168,409,5.0
1227,409,4.0
412,409,4.0
351,409,4.0
1199,409,5.0
950,409,5.0
125,410,5.0
386,410,5.0
490,410,4.0
524,410,5.0
605,411,1.0
1221,411,4.0
1336,411,5.0
1062,412,5.0
461,412,3.0
295,412,5.0
544,412,5.0
308,412,5.0
380,413,4.0
563,413,5.0
1189,413,5.0
1267,413,4.0
1178,413,4.0
292,413,5.0
580,413,5.0
403,413,5.0
430,413,5.0
642,413,5.0
452,413,5.0
207,413,5.0
951,413,5.0
1183,413,5.0
240,414,4.0
445,414,5.0
636,414,5.0
1345,414,5.0
467,414,2.0
29,415,5.0
140,415,5.0
240,415,4.0
881,415,4.0
225,415,5.0
107,415,5.0
552,415,3.0
1324,415,5.0
449,415,5.0
532,415,5.0
1311,415,5.0
1237,415,5.0
610,415,5.0
1326,416,5.0
21,416,5.0
1193,416,5.0
259,416,5.0
224,416,4.0
1120,416,5.0
968,416,2.0
1110,416,4.0
175,416,4.0
1412,417,5.0
669,417,3.0
598,417,5.0
395,417,5.0
247,417,4.0
1287,418,3.0
779,418,3.0
88,418,5.0
1214,418,5.0
1194,418,3.0
610,418,2.0
1095,419,4.0
868,419,4.0
957,419,5.0
931,419,5.0
37,419,5.0
130,419,5.0
794,419,4.0
288,419,4.0
967,419,4.0
480,419,5.0
209,419,4.0
942,419,5.0
65,419,3.0
1376,419,5.0
867,419,3.0
1189,419,5.0
57,419,4.0
1267,419,4.0
301,419,4.0
708,419,5.0
148,419,5.0
382,419,3.0
370,419,5.0
115,419,5.0
170,419,3.0
67,419,5.0
949,419,5.0
419,419,5.0
797,419,5.0
1261,419,5.0
438,419,5.0
401,419,5.0
258,419,4.0
28,419,4.0
352,420,5.0
248,420,5.0
1246,420,5.0
191,420,4.0
442,420,5.0
193,421,5.0
620,421,5.0
1281,421,4.0
792,421,4.0
442,421,5.0
668,422,5.0
1284,422,5.0
220,422,1.0
287,422,5.0
351,422,4.0
443,422,5.0
611,422,4.0
475,422,4.0
368,423,5.0
1230,423,4.0
165,423,5.0
741,423,5.0
337,423,5.0
878,424,5.0
977,424,5.0
7,424,5.0
599,424,5.0
409,424,5.0
866,424,5.0
1406,424,5.0
79,424,5.0
411,424,5.0
1295,424,5.0
1192,425,5.0
730,425,5.0
259,425,5.0
903,425,5.0
1153,425,5.0
747,425,5.0
413,425,4.0
605,426,4.0
192,426,5.0
903,426,5.0
741,426,5.0
866,426,5.0
883,427,3.0
514,427,3.0
498,427,5.0
136,428,5.0
397,428,5.0
1062,428,5.0
1348,428,5.0
533,428,5.0
156,428,3.0
902,428,5.0
240,428,5.0
402,428,5.0
435,428,5.0
942,428,5.0
201,428,5.0
710,428,5.0
189,428,5.0
651,428,5.0
1277,428,5.0
986,428,5.0
361,428,5.0
585,428,5.0
852,428,5.0
353,428,4.0
414,428,5.0
295,428,5.0
276,428,5.0
86,428,5.0
614,428,5.0
1058,428,4.0
114,428,5.0
313,428,2.0
848,428,5.0
71,428,5.0
849,428,5.0
364,428,5.0
676,428,5.0
1194,428,5.0
1212,428,5.0
1061,428,4.0
157,428,4.0
814,428,3.0
1322,428,5.0
651,429,4.0
1018,429,5.0
394,429,5.0
299,429,5.0
1305,429,1.0
276,429,5.0
432,430,4.0
744,430,5.0
813,430,3.0
1301,430,5.0
1302,430,4.0
352,431,5.0
960,431,5.0
1343,431,4.0
910,431,5.0
140,432,5.0
1310,432,5.0
554,432,5.0
351,432,5.0
1160,432,2.0
1273,432,3.0
331,432,5.0
346,433,5.0
1296,433,4.0
1203,433,5.0
295,433,4.0
1194,433,5.0
1095,434,4.0
744,434,5.0
1025,434,5.0
711,434,5.0
1361,434,5.0
1301,434,5.0
436,434,1.0
1322,434,5.0
417,435,5.0
1347,435,5.0
6,435,5.0
527,436,5.0
1019,436,5.0
377,436,5.0
604,436,5.0
312,436,3.0
41,436,5.0
154,437,4.0
429,437,5.0
1402,437,5.0
528,437,5.0
1105,437,5.0
451,437,5.0
67,437,4.0
498,437,4.0
951,437,5.0
76,438,5.0
1340,438,5.0
599,438,5.0
304,438,5.0
280,439,5.0
582,439,5.0
1042,439,4.0
1334,439,5.0
987,439,5.0
660,439,5.0
1290,440,5.0
832,440,5.0
879,440,5.0
354,441,5.0
371,441,5.0
742,441,5.0
1377,441,5.0
823,442,5.0
286,442,5.0
0,442,5.0
501,442,4.0
271,442,1.0
1345,442,5.0
657,442,5.0
1095,443,3.0
1050,443,4.0
16,443,5.0
226,443,4.0
352,443,4.0
1277,443,5.0
726,443,4.0
182,443,4.0
144,443,5.0
960,443,5.0
28,443,4.0
1251,444,5.0
1038,444,4.0
218,444,4.0
1371,444,5.0
656,444,2.0
1008,445,5.0
752,445,5.0
519,445,5.0
1154,445,5.0
884,446,5.0
635,446,5.0
969,446,5.0
1194,446,5.0
742,446,2.0
69,447,5.0
1203,447,5.0
800,447,5.0
969,447,5.0
244,447,5.0
742,447,5.0
473,448,2.0
1123,448,4.0
441,448,5.0
419,448,5.0
1418,448,5.0
593,449,4.0
1259,449,5.0
492,449,3.0
569,449,3.0
136,450,4.0
864,450,5.0
514,450,4.0
1249,450,3.0
829,450,5.0
934,450,5.0
35,451,5.0
515,451,4.0
1234,451,5.0
656,451,1.0
296,451,5.0
130,452,5.0
522,452,5.0
605,452,4.0
1090,452,2.0
1397,452,5.0
552,452,4.0
949,452,5.0
1268,452,2.0
892,453,5.0
359,453,5.0
50,453,5.0
1230,453,5.0
1194,453,5.0
742,453,5.0
1282,454,4.0
353,454,3.0
829,454,5.0
1094,454,5.0
1093,454,4.0
1331,454,5.0
637,454,5.0
428,454,5.0
226,455,5.0
779,455,4.0
653,455,5.0
948,455,4.0
163,455,5.0
686,455,5.0
158,455,5.0
1406,455,5.0
499,455,5.0
1263,455,4.0
399,456,5.0
779,456,4.0
810,456,5.0
153,456,3.0
1030,456,5.0
836,456,5.0
614,456,4.0
740,456,5.0
77,456,4.0
145,457,4.0
170,457,5.0
614,457,4.0
409,457,5.0
511,457,4.0
660,457,5.0
1255,458,5.0
240,458,5.0
784,458,2.0
106,458,5.0
416,458,5.0
602,458,5.0
958,458,5.0
257,458,5.0
1337,458,5.0
90,458,4.0
453,458,5.0
1187,458,4.0
1230,458,5.0
206,458,5.0
1338,458,4.0
984,458,5.0
497,458,5.0
413,458,5.0
676,458,5.0
268,458,4.0
1359,458,5.0
839,458,5.0
82,458,4.0
1321,459,5.0
159,459,3.0
1226,459,4.0
32,459,4.0
123,459,5.0
162,460,5.0
864,460,3.0
354,460,5.0
12,460,4.0
1087,461,5.0
338,461,5.0
1098,461,1.0
839,461,5.0
744,462,5.0
448,462,5.0
275,462,5.0
1009,462,5.0
895,462,5.0
541,463,5.0
794,463,4.0
471,463,5.0
1055,463,5.0
584,463,5.0
297,463,1.0
1326,463,4.0
822,463,5.0
1049,463,5.0
445,463,5.0
672,463,4.0
421,463,5.0
1115,463,5.0
1111,463,5.0
428,463,2.0
445,464,5.0
917,464,5.0
1396,464,4.0
1141,464,5.0
1115,464,4.0
1278,465,1.0
1251,465,5.0
283,465,5.0
709,465,5.0
1038,465,3.0
1231,465,5.0
466,465,3.0
675,465,2.0
1247,465,5.0
192,465,5.0
1147,465,4.0
116,465,5.0
496,465,5.0
1386,465,3.0
296,465,5.0
1218,465,5.0
694,465,4.0
797,465,5.0
266,465,5.0
438,465,4.0
610,465,5.0
1398,466,5.0
518,466,5.0
685,466,5.0
865,466,5.0
1100,466,5.0
1273,466,5.0
752,467,3.0
355,467,5.0
234,467,3.0
505,467,4.0
1416,467,5.0
792,467,5.0
325,467,5.0
401,467,4.0
626,468,4.0
1129,468,5.0
774,468,5.0
779,468,4.0
65,468,5.0
565,468,5.0
1310,469,5.0
989,469,5.0
552,469,4.0
131,469,5.0
1002,469,5.0
65,470,5.0
340,470,3.0
377,470,4.0
681,470,3.0
370,470,5.0
1329,470,5.0
1225,470,4.0
823,471,5.0
50,471,5.0
1282,471,5.0
145,471,5.0
510,471,5.0
454,471,5.0
514,472,5.0
899,472,4.0
1296,472,5.0
1288,472,5.0
1383,472,4.0
972,472,5.0
620,473,4.0
712,473,5.0
1228,473,5.0
217,473,5.0
237,473,4.0
260,473,5.0
1194,473,5.0
900,474,5.0
141,474,5.0
387,474,5.0
1016,474,4.0
1213,474,4.0
225,475,4.0
805,475,5.0
1325,475,5.0
145,475,5.0
838,475,5.0
67,475,5.0
871,475,5.0
768,475,4.0
866,475,5.0
1428,475,5.0
758,475,5.0
1214,475,5.0
1194,475,5.0
1205,475,5.0
889,475,3.0
795,476,5.0
101,476,5.0
174,476,4.0
1175,476,5.0
674,477,5.0
395,477,3.0
207,477,5.0
110,477,5.0
1236,478,4.0
408,478,5.0
1271,478,5.0
1164,478,5.0
775,478,5.0
821,478,4.0
126,478,4.0
1155,478,4.0
1423,478,5.0
679,479,5.0
341,479,5.0
1019,479,5.0
214,479,3.0
628,479,5.0
525,479,5.0
103,479,5.0
531,479,5.0
577,479,3.0
174,479,4.0
1426,480,5.0
62,480,3.0
169,480,4.0
455,480,5.0
973,480,3.0
590,480,5.0
1255,481,5.0
156,481,5.0
1321,481,3.0
810,481,4.0
594,481,5.0
11,481,5.0
312,481,3.0
307,481,5.0
1140,481,5.0
623,481,5.0
194,481,5.0
1399,482,5.0
549,482,4.0
1106,482,3.0
1163,482,2.0
194,482,5.0
706,483,5.0
909,483,5.0
905,483,3.0
194,483,5.0
1252,483,5.0
277,483,5.0
802,484,5.0
752,484,5.0
994,484,5.0
526,484,5.0
635,484,5.0
195,485,4.0
458,485,5.0
198,485,5.0
111,485,5.0
26,485,5.0
927,485,5.0
737,485,5.0
46,486,5.0
802,486,1.0
196,486,5.0
1137,486,5.0
999,486,5.0
28,486,5.0
593,487,4.0
1356,487,3.0
242,487,5.0
414,487,2.0
276,487,4.0
930,487,4.0
109,487,5.0
258,487,5.0
719,488,5.0
902,488,3.0
514,488,5.0
352,488,5.0
1069,488,5.0
1174,488,5.0
276,488,4.0
836,488,5.0
676,488,4.0
59,488,4.0
1385,488,4.0
491,489,5.0
1141,489,4.0
219,490,5.0
1326,490,5.0
1140,490,4.0
322,490,4.0
148,491,4.0
1121,491,2.0
1303,491,2.0
1156,491,2.0
1286,491,5.0
841,492,5.0
461,492,3.0
1231,492,5.0
1308,492,2.0
801,492,4.0
1074,492,5.0
270,492,5.0
976,492,2.0
178,492,5.0
544,492,5.0
1237,492,5.0
411,492,5.0
94,492,1.0
704,493,5.0
288,493,5.0
580,493,5.0
342,493,5.0
543,493,5.0
733,494,4.0
858,494,5.0
1137,494,4.0
1135,494,5.0
109,494,5.0
112,495,5.0
1347,495,2.0
1250,495,5.0
599,495,5.0
1224,495,5.0
561,495,3.0
1278,496,5.0
1395,496,5.0
1150,496,1.0
741,496,3.0
782,496,3.0
139,497,5.0
947,497,3.0
21,497,5.0
656,497,5.0
863,497,1.0
1107,497,5.0
654,497,4.0
131,497,3.0
109,497,5.0
1404,497,4.0
723,497,4.0
637,497,5.0
277,497,1.0
1012,497,5.0
1421,497,3.0
393,497,5.0
506,497,5.0
87,497,4.0
335,498,4.0
1411,498,5.0
875,498,3.0
144,498,5.0
910,498,5.0
947,499,5.0
66,499,4.0
313,499,5.0
1136,499,5.0
570,500,5.0
412,500,5.0
98,500,5.0
511,500,5.0
1213,500,5.0
1382,501,5.0
861,501,5.0
827,501,4.0
1334,501,5.0
258,501,4.0
1175,501,4.0
1342,502,4.0
507,502,1.0
781,502,4.0
750,502,5.0
492,502,4.0
1187,502,2.0
286,503,5.0
835,503,5.0
1025,503,5.0
774,503,5.0
142,503,5.0
898,503,5.0
318,503,3.0
730,503,5.0
78,503,4.0
287,503,5.0
1102,503,1.0
645,503,4.0
1023,503,2.0
1260,503,5.0
1414,503,5.0
395,503,5.0
452,503,5.0
1314,503,4.0
499,503,5.0
53,503,5.0
1021,503,5.0
1086,503,5.0
326,504,5.0
858,504,5.0
352,504,5.0
923,504,5.0
1004,504,5.0
474,504,5.0
891,504,5.0
726,504,5.0
1114,504,4.0
1234,504,5.0
1305,504,5.0
600,504,5.0
1383,504,5.0
800,504,5.0
731,504,5.0
454,504,5.0
1033,504,5.0
1194,504,5.0
59,504,5.0
1359,504,5.0
744,505,5.0
842,505,5.0
1411,505,4.0
139,505,5.0
423,505,5.0
1249,505,4.0
636,505,5.0
569,505,4.0
393,505,3.0
59,505,4.0
1385,505,4.0
461,506,5.0
264,506,3.0
145,506,5.0
585,506,5.0
636,506,3.0
735,506,5.0
910,506,5.0
1255,507,5.0
60,507,5.0
982,507,5.0
1161,507,5.0
1321,507,5.0
907,507,5.0
491,507,5.0
354,507,5.0
1256,507,5.0
877,507,5.0
928,507,5.0
999,507,5.0
358,507,3.0
872,507,5.0
1194,507,5.0
524,507,5.0
742,507,5.0
402,508,5.0
145,508,5.0
553,508,2.0
299,508,4.0
991,508,4.0
1068,508,5.0
760,509,4.0
299,509,5.0
381,509,4.0
829,509,5.0
56,510,5.0
1049,510,2.0
1229,510,5.0
326,511,3.0
35,511,5.0
448,511,5.0
492,511,5.0
1020,511,5.0
1137,511,5.0
895,511,5.0
662,512,5.0
1321,512,5.0
809,512,3.0
369,512,5.0
143,512,5.0
644,512,5.0
968,513,1.0
1373,513,4.0
1258,513,5.0
157,513,5.0
922,514,1.0
867,514,5.0
728,514,5.0
909,514,5.0
1190,514,3.0
1311,514,5.0
268,514,4.0
1399,515,5.0
1278,515,4.0
1395,515,5.0
1112,515,5.0
948,515,5.0
186,515,5.0
431,515,5.0
1200,515,5.0
1304,515,5.0
755,515,5.0
596,515,5.0
175,515,4.0
661,515,5.0
1080,515,4.0
1277,516,5.0
1032,516,5.0
488,516,5.0
434,516,1.0
1062,517,4.0
918,517,5.0
1129,517,4.0
1347,517,5.0
1308,517,4.0
366,517,4.0
1419,517,5.0
259,517,5.0
940,517,4.0
71,517,4.0
1216,517,5.0
1167,517,5.0
873,517,4.0
613,518,5.0
151,518,5.0
236,518,4.0
1419,518,4.0
943,518,4.0
599,518,5.0
1358,519,5.0
3,519,5.0
868,519,5.0
888,519,5.0
1394,519,5.0
769,519,5.0
240,519,5.0
1055,519,4.0
39,519,5.0
658,519,4.0
65,519,5.0
1185,519,5.0
1248,519,5.0
234,519,4.0
1352,519,5.0
96,519,5.0
712,519,5.0
0,519,5.0
631,519,4.0
343,519,5.0
1294,519,3.0
276,519,5.0
115,519,5.0
688,519,2.0
501,519,4.0
158,519,4.0
334,519,5.0
1396,519,2.0
1094,519,5.0
1002,519,5.0
1416,519,5.0
1078,519,5.0
1180,519,5.0
61,519,5.0
255,519,5.0
946,519,4.0
772,519,5.0
927,519,5.0
194,519,5.0
1159,519,5.0
1380,519,5.0
401,519,4.0
951,519,4.0
450,519,3.0
367,519,5.0
993,519,4.0
745,520,4.0
963,520,4.0
327,520,5.0
94,520,5.0
1080,520,3.0
868,521,5.0
489,521,5.0
522,521,5.0
550,521,5.0
1231,521,3.0
513,521,5.0
189,521,5.0
801,521,5.0
356,521,4.0
211,521,5.0
945,521,5.0
1027,521,3.0
1135,521,5.0
1350,521,5.0
1125,521,5.0
569,521,5.0
1328,521,5.0
216,521,5.0
1345,521,5.0
121,521,5.0
1161,522,4.0
1202,522,5.0
175,522,4.0
298,522,5.0
517,523,5.0
281,523,4.0
491,523,5.0
1333,523,5.0
149,523,5.0
1389,523,4.0
1149,523,5.0
957,524,3.0
1052,524,5.0
541,524,4.0
878,524,5.0
986,524,5.0
988,524,5.0
70,524,5.0
604,524,4.0
323,524,4.0
974,524,5.0
888,525,4.0
1041,525,5.0
774,525,5.0
169,525,4.0
18,525,5.0
308,525,5.0
959,525,5.0
272,526,5.0
131,526,5.0
296,526,5.0
65,527,5.0
690,527,5.0
1350,527,5.0
1210,527,5.0
170,527,5.0
1336,528,5.0
1000,528,4.0
943,528,5.0
468,528,5.0
321,529,5.0
244,529,5.0
268,529,5.0
1052,530,5.0
622,530,5.0
1285,530,5.0
198,530,5.0
344,530,5.0
971,530,5.0
641,530,4.0
16,531,5.0
613,531,5.0
491,531,5.0
62,531,4.0
1000,531,5.0
440,531,5.0
830,531,4.0
1121,531,5.0
1160,531,3.0
1014,531,5.0
1051,532,5.0
1016,532,4.0
511,532,5.0
483,533,5.0
34,533,4.0
246,533,5.0
542,533,5.0
1342,534,2.0
417,534,2.0
151,534,3.0
337,534,5.0
971,534,3.0
583,535,5.0
942,535,4.0
852,535,5.0
307,535,4.0
968,535,5.0
679,536,4.0
297,536,5.0
1126,536,5.0
351,536,4.0
1243,536,5.0
1002,536,5.0
643,536,3.0
115,537,5.0
599,537,5.0
1385,537,5.0
1344,538,5.0
391,538,3.0
279,538,4.0
596,538,5.0
1115,538,4.0
1182,538,4.0
399,539,3.0
650,539,4.0
1078,539,5.0
1270,539,4.0
147,539,3.0
527,540,5.0
1307,540,5.0
570,540,4.0
245,540,5.0
525,540,5.0
206,540,5.0
1372,541,5.0
108,541,5.0
398,541,5.0
409,541,1.0
938,541,5.0
336,541,5.0
1191,542,5.0
1340,542,5.0
266,542,5.0
639,543,5.0
715,543,4.0
480,543,4.0
23,543,5.0
491,543,5.0
1239,543,4.0
518,543,5.0
160,543,4.0
498,543,4.0
848,543,3.0
1110,543,2.0
643,543,3.0
610,543,3.0
546,543,5.0
231,543,4.0
83,543,3.0
779,544,4.0
1234,544,5.0
1305,544,5.0
159,544,2.0
1046,544,5.0
1383,544,5.0
1068,544,5.0
762,544,5.0
593,545,3.0
719,545,2.0
717,545,1.0
1093,545,4.0
1331,545,3.0
991,545,4.0
1017,545,4.0
1048,546,4.0
69,546,5.0
810,546,4.0
749,547,5.0
932,547,5.0
39,547,5.0
189,547,5.0
153,547,4.0
1114,547,5.0
1360,547,4.0
1172,548,5.0
344,548,5.0
1137,548,4.0
17,548,5.0
1141,548,5.0
940,548,5.0
1211,548,5.0
157,548,2.0
399,549,3.0
517,549,5.0
1412,549,5.0
638,549,5.0
510,549,5.0
364,549,5.0
240,550,5.0
944,550,4.0
1166,550,5.0
719,551,3.0
396,551,3.0
1354,551,5.0
430,551,5.0
376,552,5.0
1386,552,4.0
599,552,5.0
940,552,5.0
747,552,5.0
974,552,5.0
772,552,5.0
1363,553,5.0
898,553,5.0
760,553,5.0
844,553,5.0
133,553,5.0
218,554,5.0
474,554,5.0
1312,554,5.0
5,554,5.0
599,554,5.0
17,554,2.0
482,554,5.0
512,554,3.0
626,555,3.0
833,555,3.0
1032,555,5.0
921,555,5.0
128,555,4.0
285,555,4.0
217,555,5.0
485,555,5.0
1207,555,5.0
1072,556,5.0
195,556,4.0
458,556,5.0
777,556,5.0
1070,556,5.0
1074,556,3.0
1360,556,5.0
1330,556,4.0
830,556,5.0
1136,556,5.0
887,556,1.0
753,556,4.0
955,556,5.0
737,556,5.0
956,557,4.0
1321,557,3.0
199,557,4.0
371,557,5.0
97,558,4.0
522,558,5.0
1411,559,5.0
599,559,5.0
632,559,5.0
924,559,4.0
1363,560,5.0
649,560,4.0
518,560,3.0
376,560,4.0
1351,560,5.0
1143,561,5.0
906,561,5.0
31,561,5.0
798,561,5.0
1331,561,5.0
1363,562,5.0
1325,562,5.0
1351,562,5.0
806,562,5.0
277,562,3.0
1382,563,4.0
319,563,4.0
763,563,5.0
1276,563,3.0
1315,563,5.0
153,563,5.0
440,563,5.0
67,563,4.0
1273,563,5.0
1319,563,4.0
401,563,5.0
314,563,5.0
350,564,2.0
372,564,1.0
503,564,3.0
803,564,4.0
1384,564,5.0
646,564,5.0
971,564,5.0
831,565,4.0
1402,565,2.0
363,565,2.0
842,565,3.0
203,565,5.0
55,565,5.0
697,565,3.0
343,565,5.0
81,565,2.0
1406,565,5.0
637,565,5.0
735,565,2.0
1224,565,5.0
1385,565,5.0
1391,566,5.0
122,566,5.0
10,566,5.0
249,566,5.0
1019,567,3.0
647,567,5.0
667,567,5.0
2,567,4.0
46,568,5.0
68,568,5.0
769,568,2.0
882,568,4.0
907,568,2.0
248,568,5.0
1250,568,5.0
1105,568,5.0
338,568,4.0
469,568,5.0
1002,568,5.0
232,568,5.0
1273,568,5.0
1116,568,5.0
1072,569,5.0
1036,569,5.0
1365,569,4.0
1371,569,5.0
192,569,5.0
1368,569,3.0
1125,569,5.0
346,570,4.0
948,570,5.0
963,570,4.0
1377,570,5.0
733,571,3.0
193,571,5.0
1063,571,5.0
167,571,5.0
181,571,5.0
848,571,5.0
646,571,3.0
1413,572,3.0
1272,572,5.0
906,572,4.0
234,572,5.0
26,572,5.0
951,572,5.0
378,573,5.0
970,573,5.0
1076,573,5.0
306,574,1.0
3,574,5.0
478,574,5.0
1394,574,5.0
429,574,4.0
385,574,5.0
841,574,5.0
156,574,5.0
1242,574,4.0
1162,574,5.0
465,574,5.0
209,574,4.0
658,574,5.0
1066,574,5.0
1415,574,5.0
1307,574,5.0
495,574,5.0
1164,574,5.0
1022,574,5.0
1074,574,5.0
102,574,5.0
392,574,5.0
718,574,3.0
1107,574,5.0
592,574,5.0
1361,574,5.0
1067,574,5.0
671,574,5.0
1099,574,5.0
501,574,4.0
1125,574,5.0
788,574,5.0
1024,574,4.0
255,574,5.0
1007,574,5.0
1119,574,5.0
700,574,4.0
271,574,5.0
475,574,5.0
179,574,5.0
1380,574,5.0
450,574,4.0
89,574,5.0
1086,574,3.0
1241,574,5.0
857,574,5.0
1400,575,4.0
936,575,5.0
1027,575,5.0
718,575,3.0
61,575,5.0
396,576,4.0
276,576,4.0
1368,576,3.0
606,576,5.0
452,576,5.0
225,577,5.0
1208,577,4.0
532,577,5.0
1273,577,5.0
46,578,5.0
60,578,5.0
129,578,4.0
333,578,5.0
156,578,5.0
684,578,4.0
802,578,5.0
907,578,5.0
779,578,5.0
942,578,5.0
264,578,5.0
189,578,4.0
1117,578,5.0
1178,578,4.0
834,578,5.0
163,578,5.0
339,578,4.0
317,578,5.0
7,578,4.0
1234,578,5.0
353,578,4.0
477,578,5.0
1312,578,3.0
230,578,1.0
853,578,5.0
276,578,5.0
875,578,1.0
552,578,4.0
86,578,4.0
1423,578,5.0
66,578,5.0
170,578,4.0
636,578,5.0
614,578,5.0
536,578,3.0
409,578,2.0
296,578,5.0
695,578,5.0
866,578,5.0
1141,578,5.0
1078,578,5.0
874,578,4.0
1068,578,1.0
1343,578,5.0
762,578,4.0
121,578,5.0
157,578,5.0
394,579,5.0
263,579,5.0
1002,579,5.0
144,579,5.0
1134,579,5.0
1221,580,4.0
287,580,5.0
139,580,3.0
357,580,5.0
1156,580,5.0
1314,580,4.0
207,580,5.0
703,581,5.0
297,581,2.0
281,581,4.0
1376,581,5.0
241,581,5.0
1115,581,4.0
689,581,4.0
1083,581,4.0
1000,582,5.0
901,582,3.0
544,582,5.0
1295,582,5.0
702,582,5.0
1097,583,5.0
105,583,5.0
279,583,4.0
1314,583,5.0
1115,583,4.0
87,583,4.0
1008,584,5.0
1235,584,4.0
259,584,2.0
940,584,5.0
1042,585,5.0
105,585,4.0
834,585,1.0
34,585,5.0
101,585,5.0
391,585,3.0
208,585,1.0
1136,585,5.0
883,586,5.0
251,586,5.0
1239,586,5.0
1027,586,4.0
1340,586,5.0
599,586,5.0
290,586,5.0
1255,587,5.0
1412,587,5.0
906,587,4.0
891,587,5.0
717,587,5.0
81,587,5.0
590,587,5.0
333,588,5.0
461,588,3.0
779,588,4.0
361,588,5.0
1056,588,5.0
866,588,4.0
849,588,4.0
371,588,5.0
900,589,4.0
856,589,4.0
936,589,5.0
56,589,5.0
785,589,5.0
508,589,3.0
139,589,3.0
1047,589,5.0
765,589,5.0
787,589,3.0
421,589,5.0
879,589,5.0
432,590,3.0
362,590,4.0
777,590,4.0
1136,590,2.0
237,590,5.0
332,590,3.0
1161,591,1.0
1187,591,5.0
1315,591,5.0
1374,591,5.0
1006,591,1.0
720,591,3.0
168,592,3.0
1233,592,5.0
940,592,5.0
1093,592,4.0
1268,592,5.0
239,593,5.0
56,593,5.0
297,593,5.0
1243,593,5.0
765,593,5.0
611,593,5.0
85,593,5.0
1255,594,5.0
633,594,5.0
54,594,5.0
701,594,5.0
426,594,5.0
1282,594,5.0
1420,594,5.0
1018,594,5.0
95,594,5.0
630,594,5.0
778,594,5.0
26,594,5.0
413,594,5.0
79,594,5.0
266,594,5.0
735,594,5.0
298,594,5.0
422,595,5.0
1365,595,5.0
791,595,5.0
559,595,5.0
316,595,5.0
639,596,5.0
203,596,4.0
1005,596,5.0
131,596,4.0
217,596,4.0
684,597,5.0
1271,597,3.0
1356,597,2.0
886,597,3.0
192,597,5.0
296,597,4.0
961,597,5.0
1093,597,5.0
896,597,5.0
37,598,5.0
809,598,5.0
238,598,5.0
126,598,4.0
1076,598,5.0
452,598,5.0
145,599,5.0
1230,599,4.0
908,599,5.0
459,599,5.0
758,599,2.0
73,599,4.0
384,599,5.0
932,600,3.0
681,600,4.0
654,600,3.0
969,600,1.0
1261,600,5.0
1159,600,1.0
561,600,2.0
195,601,4.0
1413,601,4.0
254,601,5.0
847,601,5.0
808,601,4.0
666,601,4.0
970,601,5.0
64,601,5.0
370,601,5.0
1218,601,5.0
996,601,5.0
87,601,5.0
680,602,3.0
1324,602,5.0
1320,602,5.0
429,603,2.0
588,603,5.0
1375,603,3.0
1422,603,3.0
369,603,5.0
862,603,3.0
570,603,5.0
88,603,5.0
14,603,3.0
1349,603,5.0
970,603,5.0
270,603,5.0
775,603,5.0
1009,603,5.0
791,603,3.0
586,603,5.0
576,603,5.0
671,603,5.0
256,603,5.0
499,603,5.0
271,603,3.0
657,603,5.0
1241,603,3.0
485,603,5.0
721,603,5.0
1366,604,5.0
49,604,5.0
283,604,5.0
264,604,5.0
347,604,5.0
52,604,5.0
308,604,5.0
616,604,5.0
587,605,2.0
593,605,5.0
793,605,5.0
1185,605,5.0
1097,605,5.0
990,605,4.0
237,605,4.0
1021,605,5.0
1279,605,5.0
1192,606,2.0
198,606,3.0
192,606,5.0
875,606,1.0
963,606,5.0
17,606,1.0
1211,606,5.0
6,606,4.0
82,606,5.0
1318,607,5.0
756,607,5.0
1336,607,5.0
891,607,5.0
95,607,1.0
690,607,5.0
909,607,5.0
1350,607,4.0
476,607,5.0
66,607,5.0
788,607,5.0
371,607,5.0
288,608,5.0
376,608,3.0
382,608,4.0
120,608,5.0
637,608,5.0
1382,609,2.0
697,609,4.0
661,609,3.0
993,609,4.0
621,610,5.0
68,610,4.0
588,610,4.0
240,610,2.0
127,610,4.0
1005,610,2.0
177,611,5.0
239,611,5.0
957,611,4.0
176,611,3.0
299,611,5.0
1306,611,3.0
440,611,2.0
1324,611,5.0
215,611,2.0
1273,611,5.0
1385,611,2.0
52,612,5.0
862,613,2.0
1049,613,5.0
1324,613,5.0
1303,613,3.0
1213,613,5.0
332,613,5.0
900,614,5.0
588,614,5.0
595,614,5.0
71,614,4.0
642,614,5.0
509,614,4.0
1095,615,3.0
593,615,4.0
517,615,5.0
352,615,5.0
842,615,5.0
1282,615,5.0
139,615,5.0
7,615,5.0
246,615,5.0
477,615,5.0
1065,615,5.0
414,615,5.0
276,615,5.0
1216,615,5.0
637,615,5.0
910,615,5.0
28,615,3.0
593,616,5.0
432,616,5.0
246,616,5.0
960,616,4.0
46,617,5.0
670,617,4.0
1323,617,3.0
1193,617,3.0
510,617,5.0
1156,617,5.0
174,617,4.0
367,617,4.0
710,618,3.0
766,618,5.0
503,618,5.0
396,618,5.0
1033,618,5.0
590,618,5.0
727,618,5.0
1143,619,4.0
1364,619,5.0
1,619,5.0
396,619,4.0
242,619,5.0
440,619,5.0
1190,619,2.0
322,619,4.0
485,619,5.0
752,620,5.0
257,620,5.0
717,620,5.0
553,620,4.0
865,620,5.0
920,620,5.0
244,620,5.0
427,621,5.0
1109,621,5.0
518,621,5.0
675,621,2.0
127,621,5.0
246,621,5.0
954,621,5.0
196,622,4.0
1246,622,5.0
1248,623,2.0
869,623,5.0
1043,623,2.0
596,623,3.0
120,623,5.0
1088,624,3.0
659,624,5.0
514,624,5.0
1025,624,5.0
620,624,5.0
754,624,3.0
423,624,5.0
692,624,1.0
1105,624,5.0
573,624,5.0
1360,624,5.0
714,624,4.0
178,624,4.0
188,624,5.0
520,624,5.0
480,625,5.0
145,625,5.0
717,625,1.0
775,625,5.0
997,625,1.0
1096,625,5.0
380,626,5.0
1298,626,5.0
1163,626,4.0
745,627,5.0
15,627,5.0
607,627,4.0
1085,627,4.0
137,627,2.0
452,627,5.0
1353,627,4.0
761,628,4.0
584,628,5.0
1224,628,4.0
1028,629,1.0
664,629,5.0
1408,629,4.0
1115,629,4.0
676,629,4.0
992,630,4.0
629,630,5.0
1406,630,5.0
1087,631,5.0
476,631,5.0
1075,631,5.0
1368,631,3.0
1416,631,5.0
150,632,5.0
881,632,5.0
335,632,3.0
1336,632,5.0
139,632,5.0
1316,632,3.0
500,632,4.0
100,632,4.0
87,632,5.0
1335,633,3.0
554,633,5.0
667,633,4.0
971,633,5.0
239,634,5.0
745,634,4.0
752,634,5.0
625,634,4.0
1184,634,5.0
54,635,4.0
461,635,5.0
471,635,5.0
1310,635,5.0
145,635,5.0
394,635,5.0
1049,635,5.0
672,635,4.0
1120,635,5.0
33,635,5.0
950,635,3.0
171,635,5.0
893,636,2.0
764,636,5.0
1309,636,5.0
1367,637,5.0
1259,637,5.0
225,637,5.0
423,637,5.0
440,637,4.0
302,637,5.0
801,638,3.0
1296,638,4.0
1009,638,4.0
1046,638,5.0
543,638,5.0
823,639,4.0
1019,639,5.0
884,639,3.0
846,639,4.0
516,639,5.0
603,639,5.0
547,639,2.0
99,639,3.0
743,640,4.0
1239,640,5.0
927,640,5.0
367,640,5.0
1381,640,4.0
1255,641,5.0
283,641,5.0
1196,641,5.0
131,641,5.0
602,642,5.0
218,642,5.0
833,642,5.0
529,642,5.0
117,642,4.0
116,642,5.0
1264,642,5.0
699,642,5.0
883,643,5.0
333,643,5.0
321,643,5.0
838,643,5.0
1389,643,4.0
1288,643,5.0
720,643,4.0
824,643,5.0
1068,643,5.0
303,643,3.0
814,643,3.0
823,644,5.0
330,644,3.0
926,644,5.0
870,644,2.0
47,644,5.0
602,644,5.0
750,644,5.0
362,644,5.0
691,644,5.0
279,644,5.0
1013,644,5.0
1115,644,4.0
1211,644,5.0
404,644,4.0
621,645,4.0
514,645,5.0
867,645,5.0
1282,645,5.0
1148,645,5.0
947,645,4.0
510,645,5.0
414,645,5.0
182,645,5.0
1301,645,5.0
1093,645,4.0
1311,645,3.0
393,645,4.0
789,646,4.0
602,646,5.0
1060,646,5.0
966,646,5.0
512,646,5.0
289,647,5.0
1363,647,5.0
1276,647,5.0
396,647,5.0
614,647,5.0
175,647,4.0
895,647,5.0
371,647,5.0
757,647,5.0
900,648,5.0
251,648,4.0
1363,648,5.0
916,648,5.0
1063,648,5.0
934,648,5.0
687,649,5.0
743,649,5.0
203,649,5.0
976,649,5.0
1084,649,5.0
460,649,5.0
927,649,5.0
938,649,5.0
367,649,5.0
1162,650,5.0
884,650,5.0
1184,650,5.0
163,650,3.0
358,650,5.0
170,650,4.0
849,650,4.0
676,650,5.0
762,650,5.0
742,650,5.0
303,650,4.0
397,651,5.0
931,651,5.0
240,651,3.0
189,651,5.0
566,651,4.0
341,652,5.0
1164,652,5.0
1386,652,5.0
1264,652,5.0
940,652,4.0
335,653,4.0
1276,653,5.0
708,653,1.0
901,653,3.0
259,653,5.0
386,653,5.0
1412,654,4.0
570,654,4.0
344,654,5.0
1334,654,4.0
206,654,4.0
1093,654,4.0
1299,654,5.0
985,655,4.0
761,655,5.0
22,655,5.0
861,655,3.0
426,655,2.0
879,655,4.0
418,656,4.0
429,656,4.0
1168,656,5.0
514,656,5.0
916,656,5.0
101,656,4.0
445,656,4.0
276,656,5.0
586,656,5.0
1246,656,4.0
938,656,4.0
1158,657,5.0
29,657,4.0
502,657,5.0
1271,657,4.0
967,657,4.0
287,657,4.0
1298,657,4.0
1091,657,5.0
148,657,4.0
978,657,4.0
132,657,5.0
334,657,4.0
695,657,3.0
1079,657,5.0
924,657,3.0
442,657,4.0
341,658,5.0
427,658,5.0
1117,658,4.0
1320,658,5.0
1089,658,5.0
669,658,5.0
253,659,5.0
752,659,3.0
335,659,4.0
1267,659,4.0
245,659,5.0
242,659,4.0
1220,659,5.0
510,659,5.0
1253,659,5.0
409,659,5.0
635,659,4.0
1258,659,5.0
876,659,4.0
885,659,5.0
1297,659,5.0
1122,659,3.0
416,660,4.0
770,660,4.0
1023,660,3.0
635,660,3.0
429,661,4.0
1231,661,4.0
942,661,4.0
193,661,4.0
1113,661,5.0
1188,661,5.0
419,661,5.0
231,661,5.0
1178,662,4.0
230,662,1.0
86,662,4.0
1094,662,5.0
870,662,5.0
1141,662,4.0
1255,663,5.0
517,663,5.0
937,663,5.0
240,663,5.0
1221,663,5.0
491,663,3.0
1117,663,5.0
1178,663,5.0
59,663,5.0
702,663,4.0
350,664,5.0
701,664,5.0
1282,664,5.0
1276,664,5.0
708,664,5.0
637,664,5.0
162,665,5.0
937,665,5.0
1017,665,5.0
1424,666,4.0
167,666,3.0
247,666,5.0
572,666,5.0
1012,666,5.0
288,667,5.0
802,667,5.0
423,667,5.0
235,667,5.0
459,667,4.0
1343,667,5.0
889,667,5.0
517,668,5.0
668,668,5.0
603,668,5.0
463,668,4.0
1288,668,5.0
261,668,5.0
961,668,5.0
588,669,5.0
363,669,5.0
36,669,5.0
143,669,5.0
666,669,5.0
1196,669,5.0
1166,669,5.0
642,669,5.0
1202,670,5.0
403,670,1.0
1201,670,4.0
393,670,5.0
326,671,5.0
470,671,5.0
1194,671,5.0
1232,671,5.0
326,672,5.0
834,672,5.0
573,672,5.0
1190,672,5.0
5,672,4.0
1357,672,5.0
1383,672,1.0
75,672,5.0
858,673,5.0
1327,673,5.0
1357,673,3.0
606,673,4.0
371,673,5.0
145,674,5.0
1195,674,5.0
1240,674,5.0
1125,674,5.0
768,674,5.0
806,674,4.0
951,674,5.0
802,675,5.0
858,675,4.0
773,675,5.0
716,676,4.0
556,676,5.0
1249,676,5.0
351,676,5.0
67,676,5.0
951,676,5.0
332,676,5.0
867,677,5.0
315,677,5.0
852,677,5.0
591,677,5.0
1249,677,5.0
180,678,5.0
31,678,5.0
27,678,5.0
1423,678,5.0
67,678,5.0
806,678,5.0
32,678,4.0
1088,679,4.0
176,679,5.0
605,679,5.0
448,679,5.0
1259,679,5.0
826,679,5.0
1178,679,5.0
31,679,5.0
1084,679,5.0
66,679,4.0
488,679,4.0
992,679,4.0
114,679,5.0
894,679,5.0
1399,680,5.0
931,680,5.0
523,680,5.0
225,680,4.0
579,680,5.0
427,680,5.0
1424,680,5.0
1142,680,5.0
1114,680,5.0
212,680,5.0
9,680,5.0
330,680,5.0
1023,680,4.0
787,680,3.0
669,680,4.0
316,680,5.0
1217,680,5.0
171,680,5.0
996,680,3.0
471,681,5.0
730,681,5.0
850,681,3.0
387,681,5.0
224,681,4.0
267,681,5.0
416,682,5.0
1316,682,5.0
159,682,5.0
968,682,1.0
623,682,5.0
561,682,5.0
1343,682,5.0
756,683,4.0
916,683,5.0
1267,683,3.0
1051,683,5.0
638,683,5.0
1199,683,5.0
934,683,5.0
1008,684,5.0
799,684,4.0
275,684,5.0
1163,684,4.0
1405,684,5.0
287,685,5.0
549,685,5.0
941,685,4.0
599,685,5.0
454,685,5.0
1255,686,4.0
502,686,5.0
1221,686,5.0
756,686,3.0
563,686,4.0
491,686,5.0
1424,686,5.0
526,686,3.0
1178,686,5.0
1298,686,4.0
853,686,5.0
370,686,5.0
807,686,4.0
409,686,5.0
1089,686,5.0
1414,686,3.0
452,686,5.0
364,686,5.0
438,686,5.0
207,686,5.0
1343,686,4.0
514,687,5.0
1226,687,4.0
951,687,5.0
962,687,4.0
702,687,5.0
375,688,5.0
161,688,5.0
520,688,4.0
1427,689,5.0
571,689,5.0
741,689,5.0
1204,689,4.0
478,690,5.0
1335,690,5.0
706,690,4.0
1271,690,3.0
1231,690,5.0
1101,690,3.0
118,690,4.0
241,690,5.0
693,690,5.0
979,690,3.0
143,690,4.0
1235,690,5.0
953,690,5.0
1349,690,5.0
919,690,5.0
1360,690,3.0
681,690,4.0
463,690,4.0
1218,690,5.0
930,690,4.0
92,690,4.0
1355,691,4.0
359,691,5.0
152,691,4.0
224,691,5.0
635,691,5.0
1367,692,5.0
1206,692,4.0
582,692,5.0
54,692,5.0
799,692,5.0
701,692,5.0
240,692,5.0
1112,692,5.0
845,692,4.0
730,692,3.0
105,692,5.0
453,692,5.0
320,692,5.0
0,692,5.0
630,692,5.0
926,692,5.0
221,692,5.0
338,692,5.0
477,692,5.0
778,692,5.0
987,692,5.0
699,692,5.0
308,692,4.0
103,692,5.0
208,692,3.0
564,692,5.0
689,692,4.0
1185,693,5.0
777,693,5.0
1191,693,2.0
80,693,4.0
488,693,5.0
767,693,1.0
1218,693,4.0
185,693,3.0
750,694,5.0
1293,694,3.0
145,694,5.0
680,694,5.0
17,694,3.0
1059,695,4.0
15,695,1.0
932,695,3.0
508,695,2.0
294,695,5.0
399,696,5.0
1392,696,4.0
219,696,4.0
745,696,5.0
369,696,4.0
319,696,5.0
640,696,5.0
213,696,5.0
1291,696,5.0
633,697,5.0
1036,697,5.0
602,697,5.0
309,697,5.0
753,697,4.0
15,698,2.0
809,698,5.0
238,698,5.0
141,698,5.0
936,698,5.0
56,698,5.0
107,698,5.0
508,698,5.0
27,698,5.0
235,698,5.0
751,698,4.0
345,698,3.0
1125,698,5.0
1260,698,5.0
1076,698,5.0
1417,698,5.0
359,699,4.0
844,699,5.0
139,699,5.0
690,699,5.0
353,699,4.0
1428,699,5.0
912,699,5.0
1268,699,5.0
1194,699,5.0
668,700,5.0
23,700,5.0
1081,700,5.0
1100,700,5.0
979,701,5.0
221,701,5.0
94,701,4.0
809,702,2.0
164,702,1.0
56,702,5.0
730,702,5.0
785,702,5.0
1310,703,5.0
1391,703,5.0
850,703,4.0
108,703,5.0
705,703,5.0
1016,703,4.0
1028,704,5.0
252,704,4.0
151,704,3.0
891,704,5.0
1051,704,2.0
656,704,4.0
1155,704,5.0
1407,704,5.0
1110,704,3.0
1064,704,3.0
332,704,2.0
1079,704,3.0
839,704,5.0
240,705,5.0
23,705,5.0
901,705,4.0
1360,705,2.0
1332,705,5.0
954,705,5.0
342,705,5.0
995,706,3.0
1358,706,5.0
280,706,5.0
399,706,5.0
639,706,5.0
42,706,5.0
177,706,5.0
759,706,5.0
868,706,5.0
350,706,5.0
1052,706,5.0
541,706,5.0
429,706,4.0
1041,706,5.0
1037,706,5.0
176,706,5.0
1284,706,4.0
523,706,4.0
1019,706,5.0
142,706,5.0
1221,706,3.0
1287,706,5.0
1422,706,1.0
789,706,5.0
204,706,5.0
703,706,5.0
579,706,5.0
65,706,1.0
844,706,5.0
335,706,5.0
916,706,1.0
513,706,5.0
810,706,5.0
566,706,5.0
241,706,5.0
1118,706,5.0
647,706,5.0
198,706,4.0
1181,706,5.0
754,706,5.0
1113,706,5.0
412,706,5.0
287,706,5.0
516,706,5.0
682,706,5.0
690,706,5.0
62,706,5.0
585,706,5.0
1022,706,5.0
301,706,5.0
88,706,5.0
1090,706,5.0
14,706,2.0
96,706,5.0
470,706,5.0
712,706,5.0
553,706,5.0
305,706,5.0
990,706,4.0
1228,706,5.0
708,706,4.0
551,706,5.0
1074,706,5.0
1257,706,5.0
631,706,5.0
270,706,5.0
504,706,5.0
64,706,5.0
1084,706,5.0
27,706,5.0
1280,706,5.0
1128,706,5.0
997,706,5.0
70,706,5.0
574,706,4.0
382,706,5.0
1001,706,5.0
469,706,5.0
178,706,5.0
45,706,5.0
672,706,5.0
671,706,5.0
688,706,4.0
691,706,5.0
66,706,4.0
501,706,3.0
565,706,5.0
836,706,5.0
1149,706,5.0
1199,706,5.0
1215,706,4.0
449,706,5.0
650,706,5.0
1002,706,5.0
1133,706,5.0
228,706,4.0
1180,706,4.0
635,706,1.0
61,706,5.0
700,706,5.0
1076,706,5.0
960,706,5.0
1015,706,5.0
1108,706,5.0
93,706,5.0
1273,706,5.0
499,706,5.0
1214,706,5.0
1261,706,5.0
437,706,5.0
927,706,5.0
1213,706,5.0
8,706,4.0
179,706,5.0
216,706,5.0
855,706,5.0
933,706,5.0
509,706,5.0
520,706,5.0
123,706,5.0
1405,706,4.0
2,706,5.0
1295,706,5.0
331,706,5.0
1241,706,5.0
1289,706,5.0
94,706,5.0
157,706,5.0
972,706,5.0
814,706,5.0
1417,706,1.0
336,706,5.0
83,706,5.0
512,706,5.0
147,706,5.0
893,707,5.0
251,707,5.0
349,707,5.0
664,707,4.0
957,707,4.0
1048,707,5.0
780,707,5.0
1394,707,5.0
385,707,3.0
140,707,5.0
578,707,5.0
538,707,5.0
745,707,3.0
422,707,5.0
1055,707,5.0
687,707,5.0
122,707,4.0
1231,707,5.0
956,707,3.0
142,707,5.0
809,707,5.0
238,707,4.0
899,707,4.0
297,707,5.0
13,707,5.0
743,707,5.0
1003,707,5.0
540,707,5.0
651,707,3.0
1118,707,5.0
1097,707,5.0
410,707,4.0
1239,707,4.0
1142,707,3.0
1057,707,5.0
1181,707,5.0
1317,707,5.0
1132,707,4.0
62,707,5.0
707,707,5.0
245,707,5.0
444,707,4.0
909,707,5.0
102,707,5.0
505,707,4.0
242,707,5.0
1082,707,4.0
770,707,5.0
1060,707,3.0
698,707,5.0
751,707,5.0
1389,707,3.0
445,707,5.0
370,707,5.0
52,707,2.0
496,707,5.0
739,707,5.0
672,707,5.0
324,707,5.0
131,707,3.0
215,707,5.0
158,707,5.0
460,707,5.0
1098,707,4.0
490,707,5.0
1024,707,5.0
1225,707,5.0
1133,707,5.0
500,707,5.0
232,707,5.0
1180,707,5.0
41,707,5.0
1089,707,5.0
255,707,5.0
1311,707,5.0
137,707,5.0
98,707,4.0
271,707,5.0
1244,707,5.0
885,707,5.0
735,707,5.0
938,707,5.0
1299,707,5.0
89,707,5.0
627,707,5.0
367,707,5.0
1021,707,5.0
1369,707,5.0
512,707,5.0
478,708,5.0
1395,708,4.0
480,708,4.0
750,708,4.0
810,708,5.0
1070,708,5.0
630,708,5.0
741,708,5.0
963,708,4.0
1006,708,5.0
789,709,4.0
335,709,4.0
357,709,5.0
468,709,4.0
249,709,5.0
1418,709,4.0
94,709,5.0
200,710,4.0
884,710,5.0
12,710,3.0
773,710,5.0
866,710,5.0
79,710,2.0
1244,710,4.0
1028,711,5.0
420,711,4.0
416,711,4.0
810,711,5.0
1049,711,3.0
313,711,5.0
1083,711,3.0
746,712,4.0
1208,712,3.0
1320,712,3.0
60,713,5.0
473,713,5.0
183,713,5.0
536,713,4.0
670,714,5.0
918,714,5.0
372,714,5.0
36,714,4.0
1185,714,5.0
1236,715,4.0
821,715,5.0
1076,715,4.0
1229,715,4.0
1283,715,5.0
352,716,5.0
199,716,4.0
810,716,5.0
1326,716,4.0
383,716,4.0
371,716,5.0
185,716,4.0
140,717,5.0
1228,717,3.0
293,717,4.0
627,717,5.0
1382,718,5.0
196,718,5.0
1315,718,5.0
591,718,5.0
1245,718,5.0
1135,718,5.0
1009,718,5.0
440,718,5.0
1067,718,4.0
624,718,5.0
290,718,5.0
817,718,5.0
71,718,4.0
837,718,5.0
1331,718,5.0
1167,718,5.0
310,718,5.0
572,718,5.0
521,718,4.0
1053,718,5.0
1353,718,5.0
209,719,5.0
603,719,1.0
865,719,5.0
1149,720,5.0
217,720,3.0
1194,720,5.0
1343,720,5.0
1358,721,4.0
37,721,5.0
372,721,5.0
20,721,5.0
1352,721,5.0
423,721,5.0
148,721,4.0
2,721,5.0
231,721,5.0
1427,722,4.0
458,722,5.0
846,722,5.0
767,722,4.0
10,723,3.0
433,723,1.0
34,723,3.0
1154,723,5.0
959,723,5.0
789,724,5.0
1202,724,5.0
1228,724,4.0
317,724,5.0
606,724,3.0
438,724,5.0
1376,725,4.0
321,725,5.0
1148,725,5.0
31,725,5.0
1194,725,4.0
241,726,5.0
270,726,5.0
370,726,5.0
741,726,5.0
389,727,5.0
396,727,4.0
1065,727,5.0
935,727,5.0
359,728,5.0
1403,728,1.0
514,728,5.0
218,728,5.0
710,728,5.0
211,728,5.0
470,728,2.0
299,728,4.0
183,728,4.0
273,728,5.0
1154,728,5.0
1328,728,5.0
48,728,4.0
1428,728,5.0
748,728,5.0
806,728,5.0
1194,728,5.0
157,728,5.0
1342,729,4.0
1057,729,5.0
1179,729,4.0
971,729,5.0
286,730,5.0
281,730,5.0
1272,730,5.0
241,730,5.0
410,730,3.0
1109,730,3.0
847,730,5.0
559,730,4.0
1102,730,2.0
1301,730,5.0
1098,730,4.0
93,730,5.0
223,730,4.0
938,730,1.0
1343,730,5.0
435,731,5.0
710,731,4.0
1325,731,3.0
273,731,5.0
678,731,5.0
430,731,5.0
639,732,5.0
626,732,4.0
809,732,5.0
135,732,4.0
1239,732,5.0
234,733,5.0
233,733,5.0
1125,733,5.0
437,733,5.0
306,734,3.0
1284,734,5.0
180,734,4.0
628,734,5.0
1001,734,5.0
1067,734,5.0
704,735,1.0
916,735,3.0
910,735,5.0
749,736,4.0
1128,736,3.0
1125,736,5.0
1043,736,5.0
520,736,5.0
157,736,5.0
162,737,1.0
1245,737,3.0
1085,737,5.0
604,737,5.0
798,737,5.0
591,738,5.0
1156,738,4.0
1021,738,5.0
196,739,5.0
189,739,5.0
1419,739,5.0
462,739,5.0
106,740,4.0
1020,740,4.0
603,740,4.0
12,740,5.0
928,740,5.0
1194,740,4.0
155,741,5.0
571,741,5.0
105,741,5.0
462,741,5.0
1161,742,2.0
201,742,5.0
573,742,5.0
25,743,4.0
664,743,4.0
545,743,5.0
481,743,3.0
157,743,3.0
759,744,5.0
538,744,5.0
1360,744,5.0
210,744,4.0
730,745,5.0
212,745,4.0
963,745,5.0
590,745,5.0
1255,746,5.0
517,746,5.0
626,746,3.0
195,746,2.0
142,746,5.0
1221,746,3.0
809,746,5.0
998,746,4.0
554,746,3.0
426,746,4.0
653,746,5.0
1424,746,4.0
827,746,3.0
356,746,3.0
1245,746,4.0
292,746,4.0
72,746,3.0
1047,746,5.0
124,746,4.0
807,746,5.0
1319,746,4.0
506,746,5.0
157,746,3.0
1353,746,4.0
323,747,5.0
694,747,4.0
1279,747,2.0
1381,747,5.0
380,748,4.0
760,748,5.0
201,748,5.0
1090,748,5.0
376,748,5.0
821,748,3.0
358,748,5.0
951,748,5.0
742,748,5.0
335,749,5.0
675,749,5.0
274,749,5.0
1194,749,4.0
883,750,5.0
344,750,5.0
1132,750,3.0
1005,750,5.0
228,750,3.0
1115,750,5.0
895,750,5.0
94,750,5.0
148,751,4.0
599,751,4.0
700,751,2.0
485,751,5.0
1391,752,4.0
455,752,5.0
534,752,5.0
1130,752,5.0
418,753,5.0
54,753,5.0
318,753,3.0
270,753,5.0
700,753,4.0
310,753,5.0
1079,753,5.0
888,754,4.0
366,754,4.0
833,754,5.0
1022,754,5.0
953,754,5.0
246,754,5.0
510,754,5.0
1001,754,5.0
273,754,5.0
323,754,1.0
213,754,5.0
472,754,5.0
231,754,5.0
68,755,4.0
568,755,4.0
344,755,5.0
71,755,1.0
331,755,5.0
1385,755,5.0
524,755,4.0
24,756,5.0
1,756,2.0
722,756,4.0
742,756,5.0
121,756,5.0
902,757,4.0
891,757,5.0
928,757,4.0
5,757,5.0
800,757,1.0
969,757,4.0
1194,757,5.0
844,758,5.0
287,758,5.0
713,758,4.0
133,758,2.0
381,758,4.0
86,758,4.0
1383,758,1.0
748,758,5.0
1194,758,5.0
177,759,5.0
621,759,4.0
68,759,1.0
130,759,5.0
588,759,5.0
1185,759,5.0
14,759,5.0
127,759,5.0
1306,759,5.0
821,759,4.0
654,759,3.0
446,759,5.0
173,759,3.0
213,759,2.0
595,759,5.0
848,759,5.0
1076,759,5.0
1279,759,2.0
461,760,5.0
1186,760,5.0
270,760,5.0
1222,760,5.0
75,760,5.0
780,761,5.0
523,761,4.0
858,761,4.0
318,761,5.0
405,761,5.0
1090,761,5.0
45,761,5.0
815,762,5.0
29,762,3.0
429,762,4.0
621,762,5.0
749,762,5.0
375,762,4.0
578,762,5.0
240,762,3.0
1403,762,5.0
197,762,5.0
1186,762,5.0
956,762,3.0
1400,762,5.0
998,762,5.0
880,762,5.0
975,762,4.0
146,762,5.0
785,762,5.0
4,762,5.0
366,762,4.0
234,762,5.0
301,762,5.0
88,762,5.0
1235,762,3.0
55,762,5.0
944,762,5.0
707,762,5.0
904,762,4.0
686,762,4.0
1091,762,5.0
433,762,5.0
988,762,5.0
1360,762,5.0
1340,762,4.0
718,762,5.0
1065,762,5.0
830,762,2.0
652,762,4.0
1373,762,4.0
1058,762,4.0
1396,762,3.0
1138,762,5.0
1320,762,4.0
1180,762,4.0
249,762,5.0
406,762,4.0
720,762,1.0
643,762,5.0
77,762,4.0
123,762,5.0
1012,762,4.0
484,762,1.0
796,762,5.0
1122,762,5.0
1073,762,5.0
562,763,4.0
1346,763,5.0
809,763,5.0
936,763,5.0
785,763,5.0
566,763,5.0
508,763,2.0
1126,763,5.0
236,763,5.0
1151,763,5.0
1092,763,5.0
1049,763,5.0
339,763,4.0
705,763,5.0
27,763,5.0
751,763,5.0
1139,763,5.0
765,763,3.0
38,763,5.0
421,763,5.0
1076,763,5.0
1229,763,5.0
99,763,3.0
40,763,5.0
712,764,5.0
1223,764,5.0
1124,764,1.0
1138,764,2.0
961,764,5.0
1194,764,5.0
802,765,5.0
1221,765,5.0
199,765,3.0
942,765,5.0
491,765,5.0
1004,765,5.0
1106,765,5.0
609,765,1.0
371,765,5.0
722,765,5.0
1313,766,4.0
1231,766,3.0
1147,766,4.0
451,766,5.0
40,766,5.0
97,767,5.0
582,767,2.0
491,767,5.0
299,767,4.0
928,767,5.0
298,767,5.0
1006,768,1.0
520,768,2.0
1405,768,4.0
363,769,5.0
218,769,5.0
257,769,2.0
724,769,5.0
846,769,5.0
464,769,4.0
358,769,5.0
645,769,3.0
468,769,3.0
644,769,5.0
190,769,4.0
210,769,2.0
203,770,5.0
423,770,5.0
131,770,5.0
1040,771,5.0
846,771,5.0
505,771,4.0
451,771,5.0
398,771,3.0
562,772,4.0
1236,772,4.0
953,772,2.0
1243,772,5.0
277,772,4.0
1238,773,5.0
37,773,5.0
856,773,5.0
262,773,5.0
69,773,5.0
257,773,5.0
146,773,4.0
305,773,5.0
1030,773,4.0
44,773,3.0
330,773,5.0
843,773,3.0
36,774,4.0
248,774,5.0
127,774,5.0
324,774,4.0
1286,774,5.0
1399,775,5.0
1379,775,3.0
812,775,4.0
1346,775,5.0
225,775,5.0
340,775,5.0
1126,775,4.0
751,775,4.0
1047,775,3.0
421,775,5.0
1213,775,5.0
1415,776,5.0
146,776,3.0
145,776,5.0
597,776,4.0
1099,776,1.0
411,776,4.0
1150,777,5.0
711,777,1.0
1218,777,5.0
1216,777,5.0
92,777,5.0
266,777,5.0
130,778,5.0
709,778,5.0
797,778,5.0
92,778,4.0
1404,778,3.0
558,778,4.0
1008,779,5.0
1088,779,5.0
588,779,4.0
1168,779,5.0
1313,779,4.0
134,779,5.0
1181,779,4.0
145,779,5.0
711,779,5.0
14,779,4.0
63,779,5.0
970,779,5.0
919,779,4.0
1245,779,5.0
1082,779,5.0
463,779,3.0
1253,779,5.0
167,779,5.0
488,779,4.0
308,779,4.0
599,779,5.0
158,779,1.0
1373,779,4.0
1291,779,5.0
1076,779,5.0
920,779,4.0
1201,779,5.0
1261,779,5.0
8,779,5.0
1380,779,5.0
1244,779,4.0
1405,779,5.0
484,779,5.0
790,779,5.0
1279,779,4.0
1322,779,5.0
750,780,5.0
1013,780,3.0
328,780,5.0
1211,780,4.0
535,781,5.0
555,781,5.0
231,781,3.0
1427,782,5.0
352,782,5.0
433,782,5.0
64,782,4.0
654,782,5.0
1115,782,4.0
887,782,4.0
1279,782,4.0
368,783,5.0
1016,783,5.0
111,783,5.0
1273,783,5.0
399,784,3.0
1251,784,5.0
125,784,5.0
103,784,5.0
401,784,5.0
1381,784,5.0
43,785,5.0
794,785,4.0
360,785,5.0
668,785,5.0
1412,785,2.0
1422,785,3.0
554,785,4.0
225,785,5.0
563,785,5.0
545,785,5.0
826,785,5.0
734,785,4.0
1003,785,5.0
594,785,3.0
220,785,5.0
198,785,3.0
827,785,4.0
846,785,3.0
1419,785,3.0
287,785,5.0
549,785,4.0
729,785,5.0
854,785,4.0
339,785,3.0
1045,785,4.0
351,785,4.0
386,785,5.0
1128,785,4.0
1389,785,3.0
1312,785,4.0
1121,785,1.0
618,785,5.0
1199,785,4.0
1023,785,3.0
1292,785,5.0
103,785,3.0
615,785,4.0
128,785,4.0
1094,785,5.0
441,785,3.0
439,785,4.0
202,785,4.0
1414,785,5.0
75,785,5.0
611,785,5.0
973,785,5.0
546,785,5.0
1353,785,5.0
210,785,4.0
899,786,5.0
107,786,5.0
708,786,5.0
913,786,5.0
165,786,5.0
1324,786,5.0
1327,786,5.0
66,787,3.0
1166,787,5.0
1076,787,4.0
73,787,4.0
1339,787,5.0
793,788,5.0
707,788,5.0
1197,788,3.0
40,788,5.0
1198,789,4.0
164,789,5.0
1026,789,4.0
1398,789,5.0
919,789,4.0
449,789,5.0
914,789,3.0
250,790,5.0
707,790,5.0
544,790,5.0
965,790,5.0
590,790,4.0
402,791,4.0
877,791,4.0
1328,791,5.0
1212,791,5.0
962,791,4.0
349,792,5.0
620,792,5.0
1027,792,4.0
598,792,5.0
548,792,3.0
794,793,4.0
57,793,3.0
656,793,5.0
559,793,5.0
1244,793,5.0
359,794,5.0
514,794,4.0
1019,794,5.0
352,794,5.0
321,794,4.0
801,794,5.0
1315,794,5.0
1148,794,5.0
581,794,5.0
1065,794,5.0
935,794,5.0
678,794,5.0
379,794,4.0
1217,794,4.0
1194,794,4.0
129,795,3.0
359,795,5.0
514,795,5.0
479,795,5.0
844,795,5.0
389,795,4.0
801,795,5.0
211,795,5.0
133,795,4.0
935,795,5.0
430,795,5.0
1154,795,5.0
1328,795,5.0
379,795,1.0
1194,795,5.0
1017,795,5.0
428,795,5.0
929,795,5.0
727,795,5.0
1423,796,4.0
1357,796,4.0
1328,796,2.0
144,796,5.0
48,796,5.0
379,796,5.0
1194,796,5.0
1161,797,4.0
1200,797,5.0
430,797,5.0
1194,797,5.0
28,797,5.0
106,798,5.0
581,798,5.0
935,798,5.0
1328,798,5.0
104,798,5.0
1194,798,5.0
1017,798,5.0
157,798,5.0
365,798,4.0
227,799,4.0
736,799,5.0
916,799,4.0
508,799,5.0
145,799,5.0
1235,799,5.0
30,799,5.0
357,799,5.0
1152,799,5.0
978,799,4.0
1098,799,4.0
695,799,5.0
866,799,5.0
1033,799,5.0
894,799,5.0
1345,799,5.0
816,800,4.0
391,800,1.0
117,800,3.0
1016,800,5.0
683,800,5.0
633,801,5.0
626,801,5.0
1071,801,4.0
1271,801,4.0
218,801,5.0
90,801,4.0
105,801,5.0
763,801,5.0
1187,801,3.0
503,801,5.0
816,801,4.0
173,801,3.0
1013,801,5.0
349,802,5.0
350,802,5.0
588,802,5.0
1402,802,5.0
1426,802,4.0
1125,802,5.0
8,802,5.0
329,802,4.0
995,803,4.0
502,803,5.0
1038,803,5.0
65,803,5.0
1276,803,5.0
234,803,5.0
707,803,3.0
148,803,5.0
1360,803,4.0
1361,803,5.0
181,803,5.0
114,803,5.0
796,803,5.0
613,804,5.0
756,804,5.0
317,804,3.0
263,804,4.0
1144,804,5.0
156,805,5.0
240,805,4.0
514,805,5.0
710,805,5.0
986,805,5.0
299,805,5.0
1354,805,5.0
1058,805,4.0
910,805,5.0
1061,805,5.0
1044,806,5.0
1247,806,5.0
58,806,5.0
1179,806,4.0
769,807,4.0
394,807,3.0
88,807,5.0
819,807,5.0
1209,807,4.0
824,807,5.0
831,808,5.0
856,808,5.0
841,808,4.0
1403,808,5.0
1044,808,5.0
254,808,5.0
1360,808,5.0
1280,808,5.0
952,808,5.0
576,808,5.0
291,808,4.0
395,808,3.0
110,808,5.0
718,809,5.0
1032,809,4.0
1423,809,4.0
498,809,5.0
1266,809,1.0
1071,810,5.0
417,810,4.0
1097,810,5.0
100,810,5.0
1201,810,4.0
110,810,5.0
738,811,5.0
1392,811,5.0
1165,811,2.0
860,811,5.0
527,811,5.0
375,811,5.0
471,811,5.0
745,811,4.0
1169,811,5.0
1055,811,5.0
125,811,5.0
200,811,5.0
318,811,5.0
214,811,4.0
653,811,5.0
1424,811,5.0
916,811,4.0
1337,811,5.0
994,811,5.0
508,811,5.0
321,811,5.0
1151,811,5.0
754,811,4.0
986,811,5.0
708,811,3.0
909,811,5.0
729,811,5.0
941,811,4.0
64,811,3.0
263,811,5.0
1152,811,2.0
1139,811,5.0
618,811,1.0
807,811,5.0
819,811,5.0
500,811,4.0
109,811,5.0
137,811,5.0
395,811,5.0
452,811,5.0
1270,811,5.0
824,811,5.0
1286,811,5.0
175,811,5.0
723,811,5.0
384,811,5.0
484,811,5.0
258,811,4.0
1401,811,5.0
507,812,5.0
605,812,5.0
264,812,5.0
824,812,5.0
298,812,5.0
418,813,4.0
423,813,5.0
944,813,5.0
1085,813,5.0
930,813,4.0
73,813,4.0
644,813,5.0
664,814,5.0
1346,814,5.0
56,814,5.0
821,814,3.0
38,814,5.0
374,814,5.0
1279,814,5.0
1072,815,5.0
1038,815,5.0
30,815,5.0
192,815,4.0
631,815,5.0
741,815,3.0
987,815,2.0
282,815,1.0
676,815,5.0
1061,815,5.0
718,816,5.0
1060,816,5.0
132,816,5.0
1425,816,2.0
520,816,5.0
918,817,5.0
1150,817,5.0
1420,817,4.0
370,817,5.0
929,817,4.0
649,818,5.0
862,818,5.0
810,818,5.0
505,818,4.0
111,818,5.0
583,819,5.0
1256,819,5.0
852,819,5.0
1212,819,5.0
1359,819,5.0
471,820,5.0
19,820,5.0
142,820,5.0
730,820,5.0
674,820,5.0
1352,820,5.0
301,820,5.0
909,820,5.0
1049,820,5.0
1135,820,5.0
574,820,5.0
67,820,4.0
1031,820,5.0
819,820,4.0
1328,820,5.0
419,820,5.0
437,820,5.0
265,820,5.0
1073,820,5.0
828,820,3.0
730,821,5.0
135,821,5.0
301,821,5.0
347,821,5.0
233,821,5.0
882,822,4.0
854,822,5.0
103,822,5.0
615,822,5.0
437,822,4.0
1343,822,5.0
1362,823,5.0
1026,823,4.0
1159,823,4.0
411,823,5.0
1343,823,5.0
1198,824,4.0
575,824,4.0
1076,824,5.0
482,824,5.0
1369,824,3.0
1177,825,5.0
140,825,5.0
1161,825,3.0
528,825,5.0
287,825,5.0
377,825,4.0
536,825,3.0
313,825,5.0
1343,825,5.0
1322,825,5.0
1025,826,5.0
1254,826,5.0
218,826,5.0
1356,826,1.0
178,826,4.0
457,826,5.0
53,826,5.0
225,827,5.0
287,827,5.0
1010,827,2.0
996,827,5.0
1061,827,3.0
668,828,5.0
1126,828,5.0
1317,828,5.0
96,828,5.0
919,828,5.0
1085,828,5.0
1190,828,5.0
1381,828,5.0
238,829,5.0
1243,829,5.0
1031,829,5.0
1369,829,5.0
15,830,5.0
1346,830,5.0
141,830,5.0
793,830,5.0
821,830,4.0
1031,830,5.0
1076,830,5.0
1410,831,4.0
605,831,5.0
122,831,5.0
300,831,5.0
106,831,4.0
1004,831,5.0
854,831,2.0
496,831,5.0
1098,831,4.0
817,831,1.0
411,831,5.0
1385,831,4.0
359,832,4.0
1019,832,5.0
1287,832,5.0
1259,832,5.0
581,832,5.0
224,832,4.0
1328,832,1.0
1378,832,4.0
872,832,5.0
1129,833,5.0
359,833,4.0
514,833,5.0
435,833,5.0
321,833,5.0
1217,833,5.0
359,834,5.0
899,834,5.0
1256,834,1.0
361,834,5.0
133,834,4.0
409,834,2.0
1428,834,5.0
912,834,4.0
748,834,5.0
383,834,1.0
1194,834,5.0
543,834,4.0
27,835,4.0
230,835,4.0
48,835,3.0
379,835,5.0
104,835,5.0
812,836,4.0
517,836,4.0
489,836,3.0
1129,836,3.0
514,836,3.0
1259,836,5.0
898,836,4.0
713,836,4.0
86,836,4.0
629,836,3.0
1246,836,3.0
430,836,5.0
748,836,5.0
371,836,4.0
1409,837,4.0
1415,837,5.0
1024,837,4.0
89,837,5.0
1084,838,5.0
381,838,4.0
758,838,3.0
49,839,5.0
148,839,5.0
576,839,4.0
1423,839,4.0
917,839,5.0
216,839,4.0
972,839,3.0
857,839,2.0
1243,840,5.0
91,840,4.0
765,840,4.0
421,840,5.0
860,841,4.0
588,841,5.0
674,841,5.0
305,841,5.0
1125,841,4.0
799,842,5.0
352,842,5.0
711,842,4.0
1147,842,4.0
900,843,5.0
1379,843,4.0
1176,843,5.0
530,843,5.0
840,843,5.0
1087,843,5.0
220,843,5.0
412,843,5.0
986,843,5.0
287,843,5.0
673,843,5.0
1370,843,4.0
351,843,5.0
567,843,5.0
746,843,5.0
1139,843,4.0
1208,843,5.0
456,843,3.0
441,843,5.0
1081,843,5.0
439,843,4.0
655,843,4.0
249,843,4.0
1110,843,5.0
611,843,5.0
1391,844,2.0
733,844,5.0
220,844,4.0
1296,844,3.0
675,844,2.0
390,844,3.0
1059,845,5.0
821,845,5.0
1260,845,3.0
1229,845,5.0
374,845,4.0
40,845,5.0
1417,845,5.0
360,846,4.0
1243,846,5.0
1125,846,5.0
1260,846,5.0
430,846,4.0
1076,846,5.0
1019,847,5.0
1269,847,4.0
214,847,5.0
631,847,4.0
829,847,4.0
261,847,3.0
893,848,5.0
56,848,5.0
1004,848,5.0
763,848,5.0
886,848,3.0
766,848,5.0
1306,848,3.0
91,848,4.0
796,848,4.0
363,849,5.0
605,849,4.0
106,849,5.0
1106,849,2.0
435,850,5.0
609,850,4.0
817,850,1.0
1378,850,4.0
154,851,5.0
613,851,5.0
1121,851,5.0
129,852,4.0
593,852,4.0
224,852,5.0
1357,852,4.0
1396,852,5.0
731,852,5.0
1217,852,4.0
265,852,5.0
1268,852,4.0
641,852,5.0
248,853,5.0
1137,853,4.0
153,853,5.0
665,853,5.0
1421,853,4.0
36,854,5.0
1360,854,5.0
91,854,4.0
961,854,1.0
474,855,5.0
1389,855,5.0
600,855,5.0
1111,855,5.0
287,856,5.0
675,856,3.0
224,856,5.0
742,856,5.0
873,856,2.0
65,857,5.0
1324,857,5.0
951,857,2.0
706,858,5.0
240,858,5.0
808,858,5.0
599,858,5.0
436,858,5.0
1061,858,5.0
87,858,5.0
761,859,5.0
107,859,4.0
250,859,4.0
1297,859,5.0
1385,859,5.0
523,860,5.0
1044,860,5.0
65,860,5.0
310,860,5.0
1299,860,5.0
233,861,5.0
1199,861,5.0
1024,861,5.0
247,861,4.0
1021,861,5.0
329,861,5.0
715,862,5.0
1135,862,5.0
720,862,4.0
543,862,5.0
877,863,1.0
510,863,4.0
954,863,1.0
285,863,3.0
1273,863,5.0
1122,863,4.0
231,863,5.0
429,864,5.0
300,864,1.0
234,864,5.0
308,864,4.0
419,864,5.0
1258,864,3.0
936,865,5.0
218,865,4.0
444,865,4.0
913,865,5.0
954,865,3.0
772,865,4.0
1417,865,3.0
1255,866,5.0
1391,866,5.0
549,866,5.0
817,866,5.0
1081,866,5.0
664,867,5.0
1057,867,5.0
57,867,3.0
870,867,4.0
1006,867,1.0
533,868,5.0
840,868,5.0
898,868,5.0
378,868,5.0
846,868,5.0
287,868,5.0
786,868,5.0
746,868,5.0
279,868,4.0
1390,868,5.0
1292,868,4.0
1208,868,5.0
441,868,4.0
202,868,5.0
612,868,5.0
892,869,5.0
883,869,5.0
1255,869,5.0
715,869,5.0
489,869,5.0
621,869,5.0
333,869,5.0
907,869,5.0
201,869,5.0
211,869,5.0
581,869,5.0
1075,869,5.0
224,869,4.0
853,869,5.0
609,869,5.0
968,869,1.0
1154,869,1.0
1089,869,5.0
1212,869,5.0
298,869,5.0
825,869,5.0
210,869,4.0
1038,870,5.0
220,870,5.0
320,870,5.0
1218,870,5.0
855,870,3.0
1266,870,2.0
429,871,4.0
153,871,4.0
213,871,5.0
930,871,5.0
306,872,4.0
236,872,4.0
551,872,5.0
172,872,5.0
360,873,5.0
846,873,4.0
287,873,5.0
51,874,4.0
530,874,3.0
1370,874,2.0
611,874,5.0
683,874,3.0
796,874,5.0
976,875,5.0
75,875,5.0
79,875,5.0
632,875,5.0
506,875,5.0
882,876,3.0
466,876,3.0
983,876,4.0
373,876,4.0
818,876,5.0
190,876,4.0
1238,877,5.0
868,877,5.0
311,877,5.0
218,877,5.0
574,877,5.0
1329,877,5.0
788,877,5.0
110,877,5.0
644,877,5.0
1158,877,5.0
888,878,5.0
1231,878,5.0
65,878,5.0
13,878,5.0
822,878,5.0
392,878,5.0
1199,878,5.0
42,879,4.0
150,879,5.0
1037,879,5.0
47,879,4.0
20,879,5.0
980,879,5.0
1280,879,5.0
952,879,5.0
1235,880,4.0
31,880,5.0
110,880,5.0
141,881,5.0
886,881,3.0
1163,881,5.0
374,881,5.0
1369,881,5.0
1417,881,5.0
1403,882,5.0
65,882,5.0
1331,882,4.0
632,882,5.0
593,883,5.0
195,883,4.0
300,883,5.0
779,883,2.0
20,883,5.0
264,883,5.0
975,883,5.0
250,883,5.0
263,883,5.0
751,883,5.0
818,883,5.0
570,883,5.0
1140,883,4.0
616,883,5.0
632,883,5.0
899,884,5.0
951,884,5.0
1421,884,5.0
1205,884,5.0
736,885,5.0
148,885,4.0
392,885,5.0
45,885,5.0
234,886,5.0
1267,886,4.0
1063,886,5.0
555,886,4.0
1108,886,4.0
885,886,5.0
289,887,5.0
656,887,5.0
935,887,5.0
723,887,5.0
857,887,5.0
25,888,3.0
846,888,5.0
883,889,4.0
937,889,5.0
956,889,5.0
969,889,3.0
958,890,5.0
1075,890,5.0
224,890,3.0
1068,890,5.0
770,891,5.0
1237,891,5.0
1083,891,1.0
679,892,5.0
705,892,1.0
903,892,5.0
1218,892,5.0
1424,893,4.0
1049,893,5.0
437,893,5.0
727,893,4.0
900,894,5.0
1176,894,5.0
51,894,5.0
220,894,3.0
378,894,5.0
846,894,2.0
986,894,5.0
287,894,2.0
729,894,4.0
347,894,5.0
351,894,3.0
302,894,5.0
786,894,5.0
439,894,5.0
655,894,4.0
612,894,5.0
220,895,5.0
287,895,5.0
786,895,5.0
672,895,4.0
279,895,5.0
1173,896,5.0
378,896,5.0
978,896,5.0
1390,896,5.0
456,896,5.0
441,896,5.0
1379,897,4.0
43,897,5.0
1176,897,4.0
51,897,5.0
668,897,5.0
530,897,4.0
840,897,5.0
1087,897,5.0
734,897,5.0
556,897,5.0
378,897,5.0
846,897,5.0
986,897,5.0
673,897,5.0
746,897,5.0
1390,897,5.0
456,897,5.0
441,897,5.0
1320,897,5.0
1081,897,3.0
612,897,5.0
43,898,5.0
840,898,5.0
986,898,5.0
976,898,5.0
302,898,4.0
456,898,5.0
1081,898,2.0
43,899,5.0
840,899,5.0
734,899,5.0
986,899,5.0
287,899,5.0
729,899,5.0
302,899,3.0
45,899,5.0
1390,899,4.0
720,899,4.0
683,899,4.0
